-- phpMyAdmin SQL Dump
-- version 5.1.1
-- https://www.phpmyadmin.net/
--
-- Host: 127.0.0.1
-- Generation Time: Oct 21, 2022 at 03:40 PM
-- Server version: 10.5.13-MariaDB-cll-lve
-- PHP Version: 7.2.34

SET SQL_MODE = "NO_AUTO_VALUE_ON_ZERO";
START TRANSACTION;
SET time_zone = "+00:00";


/*!40101 SET @OLD_CHARACTER_SET_CLIENT=@@CHARACTER_SET_CLIENT */;
/*!40101 SET @OLD_CHARACTER_SET_RESULTS=@@CHARACTER_SET_RESULTS */;
/*!40101 SET @OLD_COLLATION_CONNECTION=@@COLLATION_CONNECTION */;
/*!40101 SET NAMES utf8mb4 */;

--
-- Database: `u992110970_elpremo`
--

-- --------------------------------------------------------

--
-- Table structure for table `admins`
--

CREATE TABLE `admins` (
  `id` bigint(20) UNSIGNED NOT NULL,
  `name` varchar(255) COLLATE utf8mb4_unicode_ci DEFAULT NULL,
  `email` varchar(255) COLLATE utf8mb4_unicode_ci DEFAULT NULL,
  `image` text COLLATE utf8mb4_unicode_ci DEFAULT NULL,
  `phone` varchar(100) COLLATE utf8mb4_unicode_ci DEFAULT NULL,
  `email_verified_at` timestamp NULL DEFAULT NULL,
  `password_reset` timestamp NULL DEFAULT NULL,
  `password` varchar(255) COLLATE utf8mb4_unicode_ci DEFAULT NULL,
  `remember_token` varchar(100) COLLATE utf8mb4_unicode_ci DEFAULT NULL,
  `created_at` timestamp NULL DEFAULT NULL,
  `updated_at` timestamp NULL DEFAULT NULL
) ENGINE=InnoDB DEFAULT CHARSET=utf8mb4 COLLATE=utf8mb4_unicode_ci;

--
-- Dumping data for table `admins`
--

INSERT INTO `admins` (`id`, `name`, `email`, `image`, `phone`, `email_verified_at`, `password_reset`, `password`, `remember_token`, `created_at`, `updated_at`) VALUES
(1, 'Ahmed Samir', 'admin@admin.com', 'storage/admin/WUFpF8IHpZgjUSvnAIOQK2s8eRcLum8e6l9eGSJO.png', '01026638997', NULL, NULL, '$2y$10$6rlvRvrxWQrc1iF.eS0cLuo1rAMwSX3ohC45b//0e.YHj4ovvcg3S', NULL, NULL, '2022-08-09 09:42:26'),
(6, 'admin', 'admin2@admin.com', 'storage/admin/WUFpF8IHpZgjUSvnAIOQK2s8eRcLum8e6l9eGSJO.png', '01026638997', NULL, NULL, NULL, NULL, NULL, '2022-08-10 17:49:08'),
(7, 'Chadwick Dejesus', 'defoxu@mailinator.com', NULL, NULL, NULL, NULL, '$2y$10$WIEchsk6/ee19nc8Vquxg.ajf.Yxjb3aUkrhVU87rBAebvlgQg9Tu', NULL, '2022-08-10 17:53:14', '2022-08-10 17:53:14'),
(8, 'Grady Black', 'gukusid@mailinator.com', NULL, NULL, NULL, NULL, '$2y$10$TZyxA605v4Q0sQwj6I4rl.qs9E25CBsjnVdQ3NWUADwPmcuYSEc.e', NULL, '2022-08-10 17:54:10', '2022-08-10 17:54:10'),
(10, 'Vera Hamilton', 'newoxug@mailinator.com', NULL, NULL, NULL, NULL, '$2y$10$jSqhD0V0zDesnLfAfo8T3./5HPCPvyzH5Xx0NpniX2aXi0Mr25CYi', NULL, '2022-08-10 17:56:48', '2022-08-10 17:56:48'),
(11, 'Rooney Kinney', 'kozyk@mailinator.com', NULL, NULL, NULL, NULL, '$2y$10$UrekEcbVnYnj/nZaiGrS/evavRD9501Kp31nyM.OcPnL2itenJk3u', NULL, '2022-08-10 18:00:58', '2022-08-10 18:00:58'),
(16, 'Ciaran Johnsto', 'tiquk@mailinator.co', NULL, NULL, NULL, NULL, NULL, NULL, '2022-08-10 18:08:16', '2022-08-10 18:08:47');

-- --------------------------------------------------------

--
-- Table structure for table `admin_permissions`
--

CREATE TABLE `admin_permissions` (
  `id` bigint(20) UNSIGNED NOT NULL,
  `permission_id` bigint(20) UNSIGNED DEFAULT NULL,
  `admin_id` bigint(20) UNSIGNED DEFAULT NULL,
  `created_at` timestamp NULL DEFAULT NULL,
  `updated_at` timestamp NULL DEFAULT NULL
) ENGINE=InnoDB DEFAULT CHARSET=utf8mb4;

--
-- Dumping data for table `admin_permissions`
--

INSERT INTO `admin_permissions` (`id`, `permission_id`, `admin_id`, `created_at`, `updated_at`) VALUES
(24, 1, 1, '2022-09-02 19:02:12', '2022-09-02 19:02:12'),
(25, 2, 1, '2022-09-02 19:02:12', '2022-09-02 19:02:12'),
(26, 3, 1, '2022-09-02 19:02:12', '2022-09-02 19:02:12'),
(27, 4, 1, '2022-09-02 19:02:12', '2022-09-02 19:02:12'),
(28, 5, 1, '2022-09-02 19:02:12', '2022-09-02 19:02:12'),
(29, 6, 1, '2022-09-02 19:02:12', '2022-09-02 19:02:12'),
(30, 7, 1, '2022-09-02 19:02:12', '2022-09-02 19:02:12'),
(31, 8, 1, '2022-09-02 19:02:12', '2022-09-02 19:02:12'),
(32, 9, 1, '2022-09-02 19:02:12', '2022-09-02 19:02:12'),
(33, 10, 1, '2022-09-02 19:02:12', '2022-09-02 19:02:12'),
(34, 11, 1, '2022-09-02 19:02:13', '2022-09-02 19:02:13'),
(35, 12, 1, '2022-09-02 19:02:13', '2022-09-02 19:02:13'),
(36, 13, 1, '2022-09-02 19:02:13', '2022-09-02 19:02:13'),
(37, 14, 1, '2022-09-02 19:02:13', '2022-09-02 19:02:13'),
(38, 15, 1, '2022-09-02 19:02:13', '2022-09-02 19:02:13'),
(39, 16, 1, '2022-09-02 19:02:13', '2022-09-02 19:02:13'),
(40, 17, 1, '2022-09-02 19:02:13', '2022-09-02 19:02:13'),
(41, 18, 1, '2022-09-02 19:02:13', '2022-09-02 19:02:13'),
(42, 19, 1, '2022-09-02 19:02:13', '2022-09-02 19:02:13'),
(43, 20, 1, '2022-09-02 19:02:13', '2022-09-02 19:02:13'),
(44, 21, 1, '2022-09-02 19:02:13', '2022-09-02 19:02:13'),
(45, 22, 1, '2022-09-02 19:02:13', '2022-09-02 19:02:13'),
(46, 23, 1, '2022-09-02 19:02:13', '2022-09-02 19:02:13'),
(47, 24, 1, '2022-09-02 19:02:13', '2022-09-02 19:02:13'),
(48, 25, 1, '2022-09-02 19:02:13', '2022-09-02 19:02:13'),
(49, 26, 1, '2022-09-02 19:02:13', '2022-09-02 19:02:13'),
(50, 27, 1, '2022-09-02 19:02:13', '2022-09-02 19:02:13'),
(51, 28, 1, '2022-09-02 19:02:13', '2022-09-02 19:02:13'),
(52, 29, 1, '2022-09-02 19:02:13', '2022-09-02 19:02:13'),
(53, 30, 1, '2022-09-02 19:02:13', '2022-09-02 19:02:13'),
(54, 31, 1, '2022-09-02 19:02:13', '2022-09-02 19:02:13'),
(55, 32, 1, '2022-09-02 19:02:13', '2022-09-02 19:02:13'),
(56, 33, 1, '2022-09-02 19:02:14', '2022-09-02 19:02:14'),
(57, 34, 1, '2022-09-02 19:02:14', '2022-09-02 19:02:14'),
(58, 35, 1, '2022-09-02 19:02:14', '2022-09-02 19:02:14'),
(59, 36, 1, '2022-09-02 19:02:14', '2022-09-02 19:02:14'),
(60, 37, 1, '2022-09-02 19:02:14', '2022-09-02 19:02:14'),
(61, 38, 1, '2022-09-02 19:02:14', '2022-09-02 19:02:14'),
(62, 39, 1, '2022-09-02 19:02:14', '2022-09-02 19:02:14'),
(63, 40, 1, '2022-09-02 19:02:14', '2022-09-02 19:02:14'),
(64, 41, 1, '2022-09-02 19:02:14', '2022-09-02 19:02:14'),
(65, 42, 1, '2022-09-02 19:02:14', '2022-09-02 19:02:14'),
(66, 43, 1, '2022-09-02 19:02:14', '2022-09-02 19:02:14'),
(67, 44, 1, '2022-09-02 19:02:14', '2022-09-02 19:02:14'),
(68, 45, 1, '2022-09-02 19:02:14', '2022-09-02 19:02:14'),
(69, 46, 1, '2022-09-02 19:02:14', '2022-09-02 19:02:14'),
(70, 47, 1, '2022-09-02 19:02:14', '2022-09-02 19:02:14'),
(71, 48, 1, '2022-09-02 19:02:14', '2022-09-02 19:02:14'),
(72, 49, 1, '2022-09-02 19:02:14', '2022-09-02 19:02:14'),
(73, 50, 1, '2022-09-02 19:02:14', '2022-09-02 19:02:14'),
(74, 51, 1, '2022-09-02 19:02:14', '2022-09-02 19:02:14'),
(124, 1, 17, '2022-09-27 13:08:52', '2022-09-27 13:08:52'),
(125, 2, 17, '2022-09-27 13:08:52', '2022-09-27 13:08:52'),
(126, 3, 17, '2022-09-27 13:08:52', '2022-09-27 13:08:52'),
(127, 4, 17, '2022-09-27 13:08:52', '2022-09-27 13:08:52'),
(128, 5, 17, '2022-09-27 13:08:52', '2022-09-27 13:08:52'),
(129, 7, 17, '2022-09-27 13:08:52', '2022-09-27 13:08:52'),
(130, 9, 17, '2022-09-27 13:08:52', '2022-09-27 13:08:52'),
(131, 10, 17, '2022-09-27 13:08:52', '2022-09-27 13:08:52'),
(132, 11, 17, '2022-09-27 13:08:52', '2022-09-27 13:08:52'),
(133, 12, 17, '2022-09-27 13:08:52', '2022-09-27 13:08:52'),
(134, 13, 17, '2022-09-27 13:08:52', '2022-09-27 13:08:52'),
(135, 14, 17, '2022-09-27 13:08:52', '2022-09-27 13:08:52'),
(136, 15, 17, '2022-09-27 13:08:52', '2022-09-27 13:08:52'),
(137, 16, 17, '2022-09-27 13:08:52', '2022-09-27 13:08:52'),
(138, 17, 17, '2022-09-27 13:08:52', '2022-09-27 13:08:52'),
(139, 18, 17, '2022-09-27 13:08:52', '2022-09-27 13:08:52'),
(140, 19, 17, '2022-09-27 13:08:52', '2022-09-27 13:08:52'),
(141, 20, 17, '2022-09-27 13:08:52', '2022-09-27 13:08:52'),
(142, 21, 17, '2022-09-27 13:08:52', '2022-09-27 13:08:52'),
(143, 22, 17, '2022-09-27 13:08:52', '2022-09-27 13:08:52'),
(144, 23, 17, '2022-09-27 13:08:52', '2022-09-27 13:08:52'),
(145, 24, 17, '2022-09-27 13:08:52', '2022-09-27 13:08:52'),
(146, 25, 17, '2022-09-27 13:08:52', '2022-09-27 13:08:52'),
(147, 26, 17, '2022-09-27 13:08:52', '2022-09-27 13:08:52'),
(148, 27, 17, '2022-09-27 13:08:52', '2022-09-27 13:08:52'),
(149, 28, 17, '2022-09-27 13:08:52', '2022-09-27 13:08:52'),
(150, 29, 17, '2022-09-27 13:08:52', '2022-09-27 13:08:52'),
(151, 30, 17, '2022-09-27 13:08:52', '2022-09-27 13:08:52'),
(152, 31, 17, '2022-09-27 13:08:52', '2022-09-27 13:08:52'),
(153, 32, 17, '2022-09-27 13:08:52', '2022-09-27 13:08:52'),
(154, 33, 17, '2022-09-27 13:08:52', '2022-09-27 13:08:52'),
(155, 34, 17, '2022-09-27 13:08:52', '2022-09-27 13:08:52'),
(156, 35, 17, '2022-09-27 13:08:52', '2022-09-27 13:08:52'),
(157, 36, 17, '2022-09-27 13:08:52', '2022-09-27 13:08:52'),
(158, 37, 17, '2022-09-27 13:08:52', '2022-09-27 13:08:52'),
(159, 38, 17, '2022-09-27 13:08:52', '2022-09-27 13:08:52'),
(160, 39, 17, '2022-09-27 13:08:52', '2022-09-27 13:08:52'),
(161, 40, 17, '2022-09-27 13:08:52', '2022-09-27 13:08:52'),
(162, 41, 17, '2022-09-27 13:08:52', '2022-09-27 13:08:52'),
(163, 42, 17, '2022-09-27 13:08:52', '2022-09-27 13:08:52'),
(164, 43, 17, '2022-09-27 13:08:52', '2022-09-27 13:08:52'),
(165, 44, 17, '2022-09-27 13:08:52', '2022-09-27 13:08:52'),
(166, 45, 17, '2022-09-27 13:08:52', '2022-09-27 13:08:52'),
(167, 46, 17, '2022-09-27 13:08:52', '2022-09-27 13:08:52'),
(168, 47, 17, '2022-09-27 13:08:52', '2022-09-27 13:08:52'),
(169, 48, 17, '2022-09-27 13:08:52', '2022-09-27 13:08:52'),
(170, 49, 17, '2022-09-27 13:08:52', '2022-09-27 13:08:52'),
(171, 50, 17, '2022-09-27 13:08:52', '2022-09-27 13:08:52'),
(172, 51, 17, '2022-09-27 13:08:52', '2022-09-27 13:08:52');

-- --------------------------------------------------------

--
-- Table structure for table `brands`
--

CREATE TABLE `brands` (
  `id` bigint(20) UNSIGNED NOT NULL,
  `name` varchar(191) COLLATE utf8mb4_unicode_ci DEFAULT NULL,
  `image` varchar(191) COLLATE utf8mb4_unicode_ci DEFAULT NULL,
  `category_id` bigint(20) UNSIGNED DEFAULT NULL,
  `created_at` timestamp NULL DEFAULT NULL,
  `updated_at` timestamp NULL DEFAULT NULL
) ENGINE=InnoDB DEFAULT CHARSET=utf8mb4 COLLATE=utf8mb4_unicode_ci;

--
-- Dumping data for table `brands`
--

INSERT INTO `brands` (`id`, `name`, `image`, `category_id`, `created_at`, `updated_at`) VALUES
(1, 'بامبرز', 'uploads/sub_categories/96981663417951.png', 2, '2022-08-12 20:06:07', '2022-09-17 12:32:31'),
(2, 'مولفكس', 'uploads/sub_categories/29201663418017.webp', 2, '2022-08-12 20:07:25', '2022-09-17 12:33:37'),
(3, 'تايد', 'uploads/sub_categories/221663418029.png', NULL, '2022-08-16 07:16:32', '2022-09-17 12:33:49'),
(4, 'بيبي جوي', 'uploads/sub_categories/31041664246164.jpg', NULL, '2022-09-27 02:36:04', '2022-09-27 02:36:04'),
(5, 'فاين بيبي', 'uploads/sub_categories/58921664246179.jpg', NULL, '2022-09-27 02:36:19', '2022-09-27 02:36:19'),
(6, 'بامبرز بريميم', 'uploads/sub_categories/83201664246217.png', NULL, '2022-09-27 02:36:57', '2022-09-27 02:36:57'),
(7, 'بامبي', 'uploads/sub_categories/3181664246231.png', NULL, '2022-09-27 02:37:11', '2022-09-27 02:37:11'),
(8, 'جود كير', 'uploads/sub_categories/71531664246243.jpg', NULL, '2022-09-27 02:37:23', '2022-09-27 02:37:23'),
(9, 'بي بم', 'uploads/sub_categories/21081664246268.jpg', NULL, '2022-09-27 02:37:48', '2022-09-27 02:37:48'),
(10, 'هلو بيبي', 'uploads/sub_categories/45271664246282.jpg', NULL, '2022-09-27 02:38:02', '2022-09-27 02:38:02'),
(11, 'ديتول', 'uploads/sub_categories/13271664246533.jpg', NULL, '2022-09-27 02:42:13', '2022-09-27 02:42:13'),
(12, 'لوكس', 'uploads/sub_categories/81281664246543.png', NULL, '2022-09-27 02:42:23', '2022-09-27 02:42:23'),
(13, 'لايف بوي', 'uploads/sub_categories/48901664246556.png', NULL, '2022-09-27 02:42:36', '2022-09-27 02:42:36'),
(14, 'كامي', 'uploads/sub_categories/4291664246578.png', NULL, '2022-09-27 02:42:58', '2022-09-27 02:42:58'),
(15, 'دورو', 'uploads/sub_categories/98671664246590.jpg', NULL, '2022-09-27 02:43:10', '2022-09-27 02:43:10'),
(16, 'سافانا', 'uploads/sub_categories/91191664246604.png', NULL, '2022-09-27 02:43:24', '2022-09-27 02:43:24'),
(17, 'دوش', 'uploads/sub_categories/47261664246616.jpg', NULL, '2022-09-27 02:43:36', '2022-09-27 02:43:36'),
(18, 'جيني', 'uploads/sub_categories/3061664246630.jpg', NULL, '2022-09-27 02:43:50', '2022-09-27 02:43:50'),
(19, 'انجلش ليزر', 'uploads/sub_categories/77241664246644.png', NULL, '2022-09-27 02:44:04', '2022-09-27 02:44:04'),
(20, 'نابلسي شاهين', 'uploads/sub_categories/62281664246659.jpg', NULL, '2022-09-27 02:44:19', '2022-09-27 02:44:19'),
(21, 'اريال', 'uploads/sub_categories/43731664246795.jpg', NULL, '2022-09-27 02:46:35', '2022-09-27 02:46:35'),
(22, 'برسيل', 'uploads/sub_categories/37481664247074.png', NULL, '2022-09-27 02:46:49', '2022-09-27 02:51:14'),
(23, 'اوكسي', 'uploads/sub_categories/13761664246842.png', NULL, '2022-09-27 02:47:22', '2022-09-27 02:47:22'),
(24, 'باهي', 'uploads/sub_categories/38701664246856.jpg', NULL, '2022-09-27 02:47:36', '2022-09-27 02:47:36'),
(25, 'فانيش', 'uploads/sub_categories/17441664246866.png', NULL, '2022-09-27 02:47:46', '2022-09-27 02:47:46'),
(26, 'بونكس', 'uploads/sub_categories/52121664246878.png', NULL, '2022-09-27 02:47:58', '2022-09-27 02:47:58'),
(27, 'داوني', 'uploads/sub_categories/86761664246889.jpg', NULL, '2022-09-27 02:48:09', '2022-09-27 02:48:09'),
(28, 'كمفورت', 'uploads/sub_categories/7281664246902.jpg', NULL, '2022-09-27 02:48:22', '2022-09-27 02:48:22'),
(29, 'اكسترا', 'uploads/sub_categories/3761664246912.jpg', NULL, '2022-09-27 02:48:32', '2022-09-27 02:48:32'),
(30, 'جيلليت', 'uploads/sub_categories/5781664247158.jpg', NULL, '2022-09-27 02:52:38', '2022-09-27 02:52:38'),
(31, 'هيد & شولدرز', 'uploads/sub_categories/42351664247175.png', NULL, '2022-09-27 02:52:55', '2022-09-27 02:52:55'),
(32, 'دوف', 'uploads/sub_categories/82191664247214.png', NULL, '2022-09-27 02:53:34', '2022-09-27 02:53:34'),
(33, 'بانتين', 'uploads/sub_categories/53771664247223.jpeg', NULL, '2022-09-27 02:53:43', '2022-09-27 02:53:43'),
(34, 'صن سيلك', 'uploads/sub_categories/21561664247237.png', NULL, '2022-09-27 02:53:57', '2022-09-27 02:53:57'),
(35, 'كلير', 'uploads/sub_categories/63791664247262.jpg', NULL, '2022-09-27 02:54:22', '2022-09-27 02:54:22'),
(36, 'مينك', 'uploads/sub_categories/9951664247303.jpg', NULL, '2022-09-27 02:55:03', '2022-09-27 02:55:03'),
(37, 'فاتيكا', 'uploads/sub_categories/43091664247315.png', NULL, '2022-09-27 02:55:15', '2022-09-27 02:55:15'),
(38, 'سباركل', 'uploads/sub_categories/57431664247335.png', NULL, '2022-09-27 02:55:35', '2022-09-27 02:55:35'),
(39, 'ريفولي', 'uploads/sub_categories/24431664247354.jpg', NULL, '2022-09-27 02:55:54', '2022-09-27 02:55:54'),
(40, 'سويت حرير', 'uploads/sub_categories/36631664247376.jpg', NULL, '2022-09-27 02:56:16', '2022-09-27 02:56:16'),
(41, 'اكس', 'uploads/sub_categories/66181664247420.png', NULL, '2022-09-27 02:57:00', '2022-09-27 02:57:00'),
(42, 'ريكسونا', 'uploads/sub_categories/75111664247435.jpg', NULL, '2022-09-27 02:57:15', '2022-09-27 02:57:15'),
(43, 'سنسوداين', 'uploads/sub_categories/41011664247462.png', NULL, '2022-09-27 02:57:42', '2022-09-27 02:57:42'),
(44, 'سيجنال', 'uploads/sub_categories/76561664247477.png', NULL, '2022-09-27 02:57:57', '2022-09-27 02:57:57'),
(45, 'كريست', 'uploads/sub_categories/77871664247493.png', NULL, '2022-09-27 02:58:13', '2022-09-27 02:58:13'),
(46, 'اورال بي', 'uploads/sub_categories/19321664247506.jpg', NULL, '2022-09-27 02:58:26', '2022-09-27 02:58:26'),
(47, 'كولجيت', 'uploads/sub_categories/2551664247531.png', NULL, '2022-09-27 02:58:51', '2022-09-27 02:58:51'),
(48, 'كلوز أب', 'uploads/sub_categories/53481664247547.png', NULL, '2022-09-27 02:59:07', '2022-09-27 02:59:07'),
(49, 'بريل', 'uploads/sub_categories/47921664247748.jpg', NULL, '2022-09-27 03:02:28', '2022-09-27 03:02:28'),
(50, 'فيري', 'uploads/sub_categories/76111664247761.jpg', NULL, '2022-09-27 03:02:41', '2022-09-27 03:02:41'),
(51, 'فيبا', 'uploads/sub_categories/53101664247778.jpg', NULL, '2022-09-27 03:02:58', '2022-09-27 03:02:58'),
(52, 'كلوركس', 'uploads/sub_categories/27351664247788.jpg', NULL, '2022-09-27 03:03:08', '2022-09-27 03:03:08'),
(53, 'فلاش', 'uploads/sub_categories/28301664247801.jpg', NULL, '2022-09-27 03:03:21', '2022-09-27 03:03:21'),
(54, 'هاربك', 'uploads/sub_categories/12481664247815.png', NULL, '2022-09-27 03:03:35', '2022-09-27 03:03:35'),
(55, 'جلاسي', 'uploads/sub_categories/3151664247834.jpg', NULL, '2022-09-27 03:03:54', '2022-09-27 03:03:54'),
(56, 'فريدا', 'uploads/sub_categories/80561664247861.png', NULL, '2022-09-27 03:04:21', '2022-09-27 03:26:29'),
(57, 'كيروكس', 'uploads/sub_categories/41961664247883.jpg', NULL, '2022-09-27 03:04:43', '2022-09-27 03:04:43'),
(58, 'مورال', 'uploads/sub_categories/51861664247892.png', NULL, '2022-09-27 03:04:52', '2022-09-27 03:04:52');

-- --------------------------------------------------------

--
-- Table structure for table `cart`
--

CREATE TABLE `cart` (
  `id` bigint(20) UNSIGNED NOT NULL,
  `user_id` bigint(20) UNSIGNED DEFAULT NULL,
  `type` enum('product','offer') NOT NULL DEFAULT 'product',
  `product_id` bigint(20) UNSIGNED DEFAULT NULL,
  `offer_id` bigint(20) UNSIGNED DEFAULT NULL,
  `amount` int(11) NOT NULL DEFAULT 1,
  `unit_id` bigint(20) UNSIGNED DEFAULT NULL,
  `created_at` timestamp NULL DEFAULT NULL,
  `updated_at` timestamp NULL DEFAULT NULL
) ENGINE=InnoDB DEFAULT CHARSET=utf8mb4;

--
-- Dumping data for table `cart`
--

INSERT INTO `cart` (`id`, `user_id`, `type`, `product_id`, `offer_id`, `amount`, `unit_id`, `created_at`, `updated_at`) VALUES
(364, 26, 'product', 8, NULL, 1, 6, '2022-10-18 17:20:23', '2022-10-18 17:20:23');

-- --------------------------------------------------------

--
-- Table structure for table `categories`
--

CREATE TABLE `categories` (
  `id` bigint(20) UNSIGNED NOT NULL,
  `image` varchar(191) COLLATE utf8mb4_unicode_ci DEFAULT NULL,
  `name` varchar(191) COLLATE utf8mb4_unicode_ci DEFAULT NULL,
  `created_at` timestamp NULL DEFAULT NULL,
  `updated_at` timestamp NULL DEFAULT NULL
) ENGINE=InnoDB DEFAULT CHARSET=utf8mb4 COLLATE=utf8mb4_unicode_ci;

--
-- Dumping data for table `categories`
--

INSERT INTO `categories` (`id`, `image`, `name`, `created_at`, `updated_at`) VALUES
(2, 'uploads/categories/98621664248977.png', 'عناية بالملابس', '2022-08-11 13:14:06', '2022-09-27 03:22:57'),
(3, 'uploads/categories/61663417489.png', 'حفاضات أطفال', '2022-08-12 18:40:02', '2022-09-17 12:24:49'),
(4, 'uploads/categories/83051663417503.png', 'ورقيات', '2022-08-16 08:34:31', '2022-09-17 12:25:03'),
(5, 'uploads/categories/55011663417516.png', 'صابون', '2022-08-16 08:34:54', '2022-09-17 12:25:16'),
(6, 'uploads/categories/8781663417530.png', 'فوط صحية', '2022-08-16 08:35:37', '2022-09-17 12:25:30'),
(7, 'uploads/categories/2341663417550.png', 'عناية شخصية', '2022-09-17 12:25:50', '2022-09-17 12:25:50'),
(8, 'uploads/categories/38001664248345.jpg', 'منظفات', '2022-09-27 03:08:43', '2022-09-27 03:12:25');

-- --------------------------------------------------------

--
-- Table structure for table `category_brands`
--

CREATE TABLE `category_brands` (
  `id` bigint(20) UNSIGNED NOT NULL,
  `category_id` bigint(20) UNSIGNED DEFAULT NULL,
  `brand_id` bigint(20) UNSIGNED DEFAULT NULL,
  `created_at` timestamp NULL DEFAULT NULL,
  `updated_at` timestamp NULL DEFAULT NULL
) ENGINE=InnoDB DEFAULT CHARSET=utf8mb4;

--
-- Dumping data for table `category_brands`
--

INSERT INTO `category_brands` (`id`, `category_id`, `brand_id`, `created_at`, `updated_at`) VALUES
(27, 6, 1, '2022-09-17 12:25:30', '2022-09-17 12:25:30'),
(28, 6, 3, '2022-09-17 12:25:30', '2022-09-17 12:25:30'),
(34, 4, 1, '2022-09-17 12:35:46', '2022-09-17 12:35:46'),
(35, 4, 2, '2022-09-17 12:35:46', '2022-09-17 12:35:46'),
(38, 3, 1, '2022-09-27 02:39:29', '2022-09-27 02:39:29'),
(39, 3, 2, '2022-09-27 02:39:29', '2022-09-27 02:39:29'),
(40, 3, 5, '2022-09-27 02:39:29', '2022-09-27 02:39:29'),
(41, 3, 6, '2022-09-27 02:39:29', '2022-09-27 02:39:29'),
(42, 3, 7, '2022-09-27 02:39:29', '2022-09-27 02:39:29'),
(43, 3, 8, '2022-09-27 02:39:29', '2022-09-27 02:39:29'),
(44, 3, 9, '2022-09-27 02:39:29', '2022-09-27 02:39:29'),
(45, 3, 10, '2022-09-27 02:39:29', '2022-09-27 02:39:29'),
(46, 5, 11, '2022-09-27 02:45:34', '2022-09-27 02:45:34'),
(47, 5, 12, '2022-09-27 02:45:34', '2022-09-27 02:45:34'),
(48, 5, 13, '2022-09-27 02:45:34', '2022-09-27 02:45:34'),
(49, 5, 14, '2022-09-27 02:45:34', '2022-09-27 02:45:34'),
(50, 5, 15, '2022-09-27 02:45:34', '2022-09-27 02:45:34'),
(51, 5, 16, '2022-09-27 02:45:34', '2022-09-27 02:45:34'),
(52, 5, 17, '2022-09-27 02:45:34', '2022-09-27 02:45:34'),
(53, 5, 18, '2022-09-27 02:45:34', '2022-09-27 02:45:34'),
(54, 5, 19, '2022-09-27 02:45:34', '2022-09-27 02:45:34'),
(55, 5, 20, '2022-09-27 02:45:34', '2022-09-27 02:45:34'),
(66, 7, 30, '2022-09-27 03:00:47', '2022-09-27 03:00:47'),
(67, 7, 31, '2022-09-27 03:00:47', '2022-09-27 03:00:47'),
(68, 7, 32, '2022-09-27 03:00:47', '2022-09-27 03:00:47'),
(69, 7, 33, '2022-09-27 03:00:47', '2022-09-27 03:00:47'),
(70, 7, 34, '2022-09-27 03:00:47', '2022-09-27 03:00:47'),
(71, 7, 35, '2022-09-27 03:00:47', '2022-09-27 03:00:47'),
(72, 7, 36, '2022-09-27 03:00:47', '2022-09-27 03:00:47'),
(73, 7, 37, '2022-09-27 03:00:47', '2022-09-27 03:00:47'),
(74, 7, 38, '2022-09-27 03:00:47', '2022-09-27 03:00:47'),
(75, 7, 39, '2022-09-27 03:00:47', '2022-09-27 03:00:47'),
(76, 7, 40, '2022-09-27 03:00:47', '2022-09-27 03:00:47'),
(77, 7, 41, '2022-09-27 03:00:47', '2022-09-27 03:00:47'),
(78, 7, 42, '2022-09-27 03:00:47', '2022-09-27 03:00:47'),
(79, 7, 43, '2022-09-27 03:00:47', '2022-09-27 03:00:47'),
(80, 7, 44, '2022-09-27 03:00:47', '2022-09-27 03:00:47'),
(81, 7, 45, '2022-09-27 03:00:47', '2022-09-27 03:00:47'),
(82, 7, 46, '2022-09-27 03:00:47', '2022-09-27 03:00:47'),
(83, 7, 47, '2022-09-27 03:00:47', '2022-09-27 03:00:47'),
(84, 7, 48, '2022-09-27 03:00:47', '2022-09-27 03:00:47'),
(96, 8, 49, '2022-09-27 03:12:25', '2022-09-27 03:12:25'),
(97, 8, 50, '2022-09-27 03:12:25', '2022-09-27 03:12:25'),
(98, 8, 51, '2022-09-27 03:12:25', '2022-09-27 03:12:25'),
(99, 8, 52, '2022-09-27 03:12:25', '2022-09-27 03:12:25'),
(100, 8, 53, '2022-09-27 03:12:25', '2022-09-27 03:12:25'),
(101, 8, 54, '2022-09-27 03:12:25', '2022-09-27 03:12:25'),
(102, 8, 55, '2022-09-27 03:12:25', '2022-09-27 03:12:25'),
(103, 8, 56, '2022-09-27 03:12:25', '2022-09-27 03:12:25'),
(104, 8, 57, '2022-09-27 03:12:25', '2022-09-27 03:12:25'),
(105, 8, 58, '2022-09-27 03:12:25', '2022-09-27 03:12:25'),
(136, 2, 3, '2022-09-27 03:22:57', '2022-09-27 03:22:57'),
(137, 2, 21, '2022-09-27 03:22:57', '2022-09-27 03:22:57'),
(138, 2, 22, '2022-09-27 03:22:57', '2022-09-27 03:22:57'),
(139, 2, 23, '2022-09-27 03:22:57', '2022-09-27 03:22:57'),
(140, 2, 24, '2022-09-27 03:22:57', '2022-09-27 03:22:57'),
(141, 2, 25, '2022-09-27 03:22:57', '2022-09-27 03:22:57'),
(142, 2, 26, '2022-09-27 03:22:57', '2022-09-27 03:22:57'),
(143, 2, 27, '2022-09-27 03:22:57', '2022-09-27 03:22:57'),
(144, 2, 28, '2022-09-27 03:22:57', '2022-09-27 03:22:57'),
(145, 2, 29, '2022-09-27 03:22:57', '2022-09-27 03:22:57');

-- --------------------------------------------------------

--
-- Table structure for table `category_images`
--

CREATE TABLE `category_images` (
  `id` bigint(20) UNSIGNED NOT NULL,
  `image` varchar(191) COLLATE utf8mb4_unicode_ci DEFAULT NULL,
  `category_id` bigint(20) UNSIGNED DEFAULT NULL,
  `created_at` timestamp NULL DEFAULT NULL,
  `updated_at` timestamp NULL DEFAULT NULL
) ENGINE=InnoDB DEFAULT CHARSET=utf8mb4 COLLATE=utf8mb4_unicode_ci;

--
-- Dumping data for table `category_images`
--

INSERT INTO `category_images` (`id`, `image`, `category_id`, `created_at`, `updated_at`) VALUES
(1, 'uploads/category_images/92641660340009.PNG', 2, '2022-08-11 20:12:08', '2022-08-12 19:33:29'),
(2, 'uploads/category_images/80951660255976.PNG', NULL, '2022-08-11 20:12:56', '2022-08-11 20:12:56'),
(3, 'uploads/category_images/72331660337125.jpg', NULL, '2022-08-12 18:45:25', '2022-08-12 18:45:25'),
(5, 'uploads/category_images/21681660337179.jpg', 2, '2022-08-12 18:46:19', '2022-08-12 18:46:19');

-- --------------------------------------------------------

--
-- Table structure for table `city`
--

CREATE TABLE `city` (
  `id` bigint(20) UNSIGNED NOT NULL,
  `governorate_id` bigint(20) UNSIGNED DEFAULT NULL,
  `name` varchar(191) COLLATE utf8mb4_unicode_ci DEFAULT NULL,
  `created_at` timestamp NULL DEFAULT NULL,
  `updated_at` timestamp NULL DEFAULT NULL
) ENGINE=InnoDB DEFAULT CHARSET=utf8mb4 COLLATE=utf8mb4_unicode_ci;

--
-- Dumping data for table `city`
--

INSERT INTO `city` (`id`, `governorate_id`, `name`, `created_at`, `updated_at`) VALUES
(1, 4, 'مدينة الجيزة 1', NULL, NULL),
(2, 1, 'شبين الكوم', NULL, NULL),
(3, 1, 'تلا', NULL, NULL),
(4, 1, 'الشهداء', NULL, NULL),
(5, 1, 'منوف', NULL, NULL);

-- --------------------------------------------------------

--
-- Table structure for table `contacts`
--

CREATE TABLE `contacts` (
  `id` bigint(20) UNSIGNED NOT NULL,
  `user_id` bigint(20) UNSIGNED DEFAULT NULL,
  `phone` varchar(191) COLLATE utf8mb4_unicode_ci DEFAULT NULL,
  `mail` varchar(191) COLLATE utf8mb4_unicode_ci DEFAULT NULL,
  `subject` varchar(191) COLLATE utf8mb4_unicode_ci DEFAULT NULL,
  `message` text COLLATE utf8mb4_unicode_ci DEFAULT NULL,
  `created_at` timestamp NULL DEFAULT NULL,
  `updated_at` timestamp NULL DEFAULT NULL
) ENGINE=InnoDB DEFAULT CHARSET=utf8mb4 COLLATE=utf8mb4_unicode_ci;

--
-- Dumping data for table `contacts`
--

INSERT INTO `contacts` (`id`, `user_id`, `phone`, `mail`, `subject`, `message`, `created_at`, `updated_at`) VALUES
(1, NULL, '1', 'شششش', '4566', '777777777777777777777', NULL, NULL),
(2, NULL, '1', 'شششش', '4566', '777777777777777777777', NULL, NULL),
(3, NULL, 'ahmed', 'a@a.com', 'test contact', 'test contact message', '2022-08-24 07:08:03', '2022-08-24 07:08:03'),
(4, NULL, 'ahmed', 'a@a.com', 'test contact', 'test contact message', '2022-08-24 07:08:39', '2022-08-24 07:08:39'),
(5, NULL, 'ahmed', 'a@a.com', 'test contact', 'test contact message', '2022-08-24 07:13:35', '2022-08-24 07:13:35'),
(6, NULL, NULL, 'a@a.com', 'test contact', 'test contact message', '2022-08-28 09:30:24', '2022-08-28 09:30:24'),
(7, NULL, '1234567', 'a@a.com', 'test contact', 'test contact message', '2022-08-28 09:31:28', '2022-08-28 09:31:28'),
(8, 24, '+201017357658', 'e@gmail.com', 'subject', 'message', '2022-09-04 20:52:01', '2022-09-04 20:52:01'),
(9, 24, '+201017357658', 'e@gmail.com', 'ss', 'bb', '2022-09-04 20:55:23', '2022-09-04 20:55:23'),
(10, 24, '+201017357658', 'e@gmail.com', 'fff', 'fff', '2022-09-07 20:03:41', '2022-09-07 20:03:41'),
(11, 26, '+201097555011', 'ahmedyou27@gmail.com', 'bgg', 'bvcc', '2022-09-19 15:34:20', '2022-09-19 15:34:20');

-- --------------------------------------------------------

--
-- Table structure for table `coupons`
--

CREATE TABLE `coupons` (
  `id` bigint(20) UNSIGNED NOT NULL,
  `start_date` date DEFAULT NULL,
  `end_date` date DEFAULT NULL,
  `code` varchar(191) COLLATE utf8mb4_unicode_ci DEFAULT NULL,
  `value` int(11) DEFAULT NULL,
  `created_at` timestamp NULL DEFAULT NULL,
  `updated_at` timestamp NULL DEFAULT NULL,
  `percentage` int(11) DEFAULT NULL,
  `type` enum('value','percentage') COLLATE utf8mb4_unicode_ci NOT NULL DEFAULT 'value',
  `for_all` enum('yes','no') COLLATE utf8mb4_unicode_ci NOT NULL DEFAULT 'no',
  `min_price` double DEFAULT NULL,
  `max_price` double DEFAULT NULL,
  `is_available` enum('yes','no') COLLATE utf8mb4_unicode_ci NOT NULL DEFAULT 'yes'
) ENGINE=InnoDB DEFAULT CHARSET=utf8mb4 COLLATE=utf8mb4_unicode_ci;

--
-- Dumping data for table `coupons`
--

INSERT INTO `coupons` (`id`, `start_date`, `end_date`, `code`, `value`, `created_at`, `updated_at`, `percentage`, `type`, `for_all`, `min_price`, `max_price`, `is_available`) VALUES
(1, '2022-09-01', '2022-10-27', '1234', 10, '2022-09-01 09:58:45', '2022-09-01 09:58:45', NULL, 'value', 'yes', NULL, NULL, 'yes'),
(2, '2022-09-02', '2022-10-27', '12345', 10, '2022-09-01 10:03:21', '2022-09-01 10:03:21', NULL, 'value', 'no', 80, 100, 'yes'),
(3, '2022-09-01', '2022-09-30', '1', 1, '2022-09-01 10:35:40', '2022-09-01 10:35:40', NULL, 'value', 'no', 1, 1, 'yes'),
(5, '2022-09-27', '2022-09-30', 'تست', 50, '2022-09-27 04:00:25', '2022-09-27 04:00:25', NULL, 'value', 'no', 300, 50, 'yes'),
(7, '2022-10-17', '2022-11-03', 'تست2', 50, '2022-10-18 11:41:56', '2022-10-18 11:41:56', NULL, 'value', 'no', 300, NULL, 'yes'),
(8, '2022-10-18', '2022-10-29', 'test1', NULL, '2022-10-18 13:17:23', '2022-10-20 22:30:25', 10, 'percentage', 'no', NULL, 60, 'yes');

-- --------------------------------------------------------

--
-- Table structure for table `coupon_users`
--

CREATE TABLE `coupon_users` (
  `id` bigint(20) UNSIGNED NOT NULL,
  `user_id` bigint(20) UNSIGNED DEFAULT NULL,
  `coupon_id` bigint(20) UNSIGNED DEFAULT NULL,
  `is_paid` enum('yes','no') COLLATE utf8mb4_unicode_ci DEFAULT 'no',
  `created_at` timestamp NULL DEFAULT NULL,
  `updated_at` timestamp NULL DEFAULT NULL
) ENGINE=InnoDB DEFAULT CHARSET=utf8mb4 COLLATE=utf8mb4_unicode_ci;

--
-- Dumping data for table `coupon_users`
--

INSERT INTO `coupon_users` (`id`, `user_id`, `coupon_id`, `is_paid`, `created_at`, `updated_at`) VALUES
(6, 24, 2, 'yes', NULL, '2022-10-12 22:42:33'),
(7, 26, 5, 'no', '2022-09-27 04:00:25', '2022-09-27 04:00:25'),
(17, 15, 6, 'no', '2022-10-18 11:41:21', '2022-10-18 11:41:21'),
(18, 18, 6, 'no', '2022-10-18 11:41:21', '2022-10-18 11:41:21'),
(19, 19, 6, 'no', '2022-10-18 11:41:21', '2022-10-18 11:41:21'),
(20, 24, 6, 'no', '2022-10-18 11:41:21', '2022-10-18 11:41:21'),
(21, 26, 6, 'no', '2022-10-18 11:41:21', '2022-10-18 11:41:21'),
(22, 27, 6, 'no', '2022-10-18 11:41:21', '2022-10-18 11:41:21'),
(23, 28, 6, 'no', '2022-10-18 11:41:21', '2022-10-18 11:41:21'),
(24, 29, 6, 'no', '2022-10-18 11:41:21', '2022-10-18 11:41:21'),
(25, 30, 6, 'no', '2022-10-18 11:41:21', '2022-10-18 11:41:21'),
(26, 15, 7, 'no', '2022-10-18 11:41:56', '2022-10-18 11:41:56'),
(27, 18, 7, 'no', '2022-10-18 11:41:56', '2022-10-18 11:41:56'),
(28, 19, 7, 'no', '2022-10-18 11:41:56', '2022-10-18 11:41:56'),
(29, 24, 7, 'no', '2022-10-18 11:41:56', '2022-10-18 11:41:56'),
(30, 26, 7, 'no', '2022-10-18 11:41:56', '2022-10-18 11:41:56'),
(31, 27, 7, 'no', '2022-10-18 11:41:56', '2022-10-18 11:41:56'),
(32, 28, 7, 'no', '2022-10-18 11:41:56', '2022-10-18 11:41:56'),
(33, 29, 7, 'no', '2022-10-18 11:41:56', '2022-10-18 11:41:56'),
(34, 30, 7, 'no', '2022-10-18 11:41:56', '2022-10-18 11:41:56'),
(62, 15, 8, 'no', '2022-10-20 22:30:25', '2022-10-20 22:30:25'),
(63, 18, 8, 'no', '2022-10-20 22:30:25', '2022-10-20 22:30:25'),
(64, 19, 8, 'no', '2022-10-20 22:30:25', '2022-10-20 22:30:25'),
(65, 24, 8, 'no', '2022-10-20 22:30:25', '2022-10-20 22:30:25'),
(66, 26, 8, 'no', '2022-10-20 22:30:25', '2022-10-20 22:30:25'),
(67, 27, 8, 'no', '2022-10-20 22:30:25', '2022-10-20 22:30:25'),
(68, 28, 8, 'no', '2022-10-20 22:30:25', '2022-10-20 22:30:25'),
(69, 29, 8, 'no', '2022-10-20 22:30:25', '2022-10-20 22:30:25'),
(70, 30, 8, 'no', '2022-10-20 22:30:25', '2022-10-20 22:30:25');

-- --------------------------------------------------------

--
-- Table structure for table `governorate`
--

CREATE TABLE `governorate` (
  `id` bigint(20) UNSIGNED NOT NULL,
  `name` varchar(191) COLLATE utf8mb4_unicode_ci DEFAULT NULL,
  `created_at` timestamp NULL DEFAULT NULL,
  `updated_at` timestamp NULL DEFAULT NULL
) ENGINE=InnoDB DEFAULT CHARSET=utf8mb4 COLLATE=utf8mb4_unicode_ci;

--
-- Dumping data for table `governorate`
--

INSERT INTO `governorate` (`id`, `name`, `created_at`, `updated_at`) VALUES
(1, 'المنوفية', NULL, NULL),
(2, 'القاهرة', NULL, NULL),
(3, 'الشرقية', NULL, NULL),
(4, 'الجيزة', NULL, NULL);

-- --------------------------------------------------------

--
-- Table structure for table `migrations`
--

CREATE TABLE `migrations` (
  `id` int(10) UNSIGNED NOT NULL,
  `migration` varchar(191) COLLATE utf8mb4_unicode_ci NOT NULL,
  `batch` int(11) NOT NULL
) ENGINE=InnoDB DEFAULT CHARSET=utf8mb4 COLLATE=utf8mb4_unicode_ci;

--
-- Dumping data for table `migrations`
--

INSERT INTO `migrations` (`id`, `migration`, `batch`) VALUES
(31, '2022_08_10_201958_create_users_table', 1),
(32, '2022_08_10_202104_create_notifications_table', 1),
(33, '2022_08_10_202218_create_orders_table', 1),
(34, '2022_08_10_202255_create_settings_table', 1),
(35, '2022_08_10_202310_create_contacts_table', 1),
(36, '2022_08_10_202405_create_units_table', 1),
(37, '2022_08_10_202430_create_categories_table', 1),
(38, '2022_08_10_202445_create_brands_table', 1),
(39, '2022_08_10_202511_create_category_images_table', 1),
(40, '2022_08_10_202543_create_products_table', 1),
(41, '2022_08_10_202606_create_offers_table', 1),
(42, '2022_08_10_202633_create_sliders_table', 1),
(43, '2022_08_10_202703_create_offer_products_table', 1),
(44, '2022_08_10_202756_create_order_details_table', 1),
(45, '2022_08_10_202830_create_wallets_table', 1);

-- --------------------------------------------------------

--
-- Table structure for table `notifications`
--

CREATE TABLE `notifications` (
  `id` bigint(20) UNSIGNED NOT NULL,
  `user_id` bigint(20) UNSIGNED DEFAULT NULL,
  `title` varchar(191) COLLATE utf8mb4_unicode_ci DEFAULT NULL,
  `message` varchar(191) COLLATE utf8mb4_unicode_ci DEFAULT NULL,
  `is_read` tinyint(1) NOT NULL DEFAULT 0,
  `created_at` timestamp NULL DEFAULT NULL,
  `updated_at` timestamp NULL DEFAULT NULL
) ENGINE=InnoDB DEFAULT CHARSET=utf8mb4 COLLATE=utf8mb4_unicode_ci;

--
-- Dumping data for table `notifications`
--

INSERT INTO `notifications` (`id`, `user_id`, `title`, `message`, `is_read`, `created_at`, `updated_at`) VALUES
(52, 29, 'تم تغيير حالة طلبك', 'طلبك رقم 22 منتهى', 0, '2022-10-04 09:15:05', '2022-10-04 09:15:05'),
(53, 29, 'تم تغيير حالة طلبك', 'طلبك رقم 23 منتهى', 0, '2022-10-04 09:21:59', '2022-10-04 09:21:59'),
(54, 29, 'تم تغيير حالة طلبك', 'طلبك رقم 24 منتهى', 0, '2022-10-04 09:25:42', '2022-10-04 09:25:42'),
(99, 29, 'تم تغيير حالة طلبك', 'طلبك رقم 22 منتهى', 0, '2022-10-04 09:15:05', '2022-10-04 09:15:05'),
(100, 29, 'تم تغيير حالة طلبك', 'طلبك رقم 23 منتهى', 0, '2022-10-04 09:21:59', '2022-10-04 09:21:59'),
(101, 29, 'تم تغيير حالة طلبك', 'طلبك رقم 24 منتهى', 0, '2022-10-04 09:25:42', '2022-10-04 09:25:42'),
(103, 24, 'تم تغيير حالة طلبك', 'طلبك رقم 27 تحت الطلب', 0, '2022-10-12 23:05:59', '2022-10-12 23:05:59'),
(104, 24, 'تم تغيير حالة طلبك', 'طلبك رقم 27 جارى التحضير', 0, '2022-10-12 23:06:03', '2022-10-12 23:06:03'),
(105, 24, 'تم تغيير حالة طلبك', 'طلبك رقم 27 جارى التوصيل', 0, '2022-10-12 23:09:06', '2022-10-12 23:09:06'),
(106, 24, 'تم تغيير حالة طلبك', 'طلبك رقم 28 تحت الطلب', 0, '2022-10-12 23:10:25', '2022-10-12 23:10:25'),
(107, 24, 'تم تغيير حالة طلبك', 'طلبك رقم 28 تحت الطلب', 0, '2022-10-12 23:10:41', '2022-10-12 23:10:41'),
(108, 24, 'تم تغيير حالة طلبك', 'طلبك رقم 28 منتهى', 0, '2022-10-12 23:10:45', '2022-10-12 23:10:45'),
(109, 24, 'تم تغيير حالة طلبك', 'طلبك رقم 28 جارى التوصيل', 0, '2022-10-12 23:10:51', '2022-10-12 23:10:51'),
(110, 24, 'تم تغيير حالة طلبك', 'طلبك رقم 28 جارى التحضير', 0, '2022-10-12 23:10:57', '2022-10-12 23:10:57'),
(111, 24, 'تم تغيير حالة طلبك', 'طلبك رقم 28 جارى التوصيل', 0, '2022-10-12 23:11:05', '2022-10-12 23:11:05'),
(112, 24, 'تم تغيير حالة طلبك', 'طلبك رقم 28 منتهى', 0, '2022-10-12 23:11:11', '2022-10-12 23:11:11'),
(113, 24, 'تم تغيير حالة طلبك', 'طلبك رقم 28 تحت الطلب', 0, '2022-10-12 23:11:19', '2022-10-12 23:11:19'),
(114, 24, 'تم تغيير حالة طلبك', 'طلبك رقم 28 جارى التحضير', 0, '2022-10-12 23:11:27', '2022-10-12 23:11:27'),
(115, 24, 'تم تغيير حالة طلبك', 'طلبك رقم 28 تحت الطلب', 0, '2022-10-12 23:13:02', '2022-10-12 23:13:02'),
(116, 24, 'تم تغيير حالة طلبك', 'طلبك رقم 28 جارى التحضير', 0, '2022-10-12 23:13:28', '2022-10-12 23:13:28'),
(117, 24, 'تم تغيير حالة طلبك', 'طلبك رقم 28 جارى التوصيل', 0, '2022-10-12 23:13:34', '2022-10-12 23:13:34'),
(118, 24, 'تم تغيير حالة طلبك', 'طلبك رقم 28 منتهى', 0, '2022-10-12 23:13:38', '2022-10-12 23:13:38'),
(119, 24, 'تم تغيير حالة طلبك', 'طلبك رقم 28 جارى التحضير', 0, '2022-10-12 23:13:54', '2022-10-12 23:13:54'),
(120, 24, 'تم تغيير حالة طلبك', 'طلبك رقم 28 جارى التوصيل', 0, '2022-10-12 23:14:02', '2022-10-12 23:14:02'),
(121, 30, 'تم تغيير حالة طلبك', 'طلبك رقم 29 منتهى', 1, '2022-10-16 22:09:35', '2022-10-18 17:15:15'),
(122, 30, 'تم تغيير حالة طلبك', 'طلبك رقم 31 منتهى', 1, '2022-10-16 22:10:59', '2022-10-18 17:15:15'),
(123, 30, 'تم تغيير حالة طلبك', 'طلبك رقم 30 منتهى', 1, '2022-10-16 22:11:03', '2022-10-18 17:15:15'),
(124, 30, 'تم تغيير حالة طلبك', 'طلبك رقم 31 جارى التحضير', 1, '2022-10-16 22:13:08', '2022-10-18 17:15:15'),
(125, 30, 'تم تغيير حالة طلبك', 'طلبك رقم 32 منتهى', 1, '2022-10-16 22:18:41', '2022-10-18 17:15:15'),
(126, 28, 'تم تغيير حالة طلبك', 'طلبك رقم 33 جارى التحضير', 0, '2022-10-16 22:36:25', '2022-10-16 22:36:25'),
(127, 28, 'تم تغيير حالة طلبك', 'طلبك رقم 33 جارى التوصيل', 0, '2022-10-16 22:36:34', '2022-10-16 22:36:34'),
(128, 28, 'تم تغيير حالة طلبك', 'طلبك رقم 33 منتهى', 0, '2022-10-16 22:36:42', '2022-10-16 22:36:42'),
(130, 26, 'تم تغيير حالة طلبك', 'طلبك رقم 39 منتهى', 0, '2022-10-18 15:56:45', '2022-10-18 15:56:45'),
(131, 26, 'تم تغيير حالة طلبك', 'طلبك رقم 40 منتهى', 0, '2022-10-18 15:57:55', '2022-10-18 15:57:55'),
(132, 26, 'تم تغيير حالة طلبك', 'طلبك رقم 41 منتهى', 0, '2022-10-18 16:08:27', '2022-10-18 16:08:27'),
(133, 26, 'تم تغيير حالة طلبك', 'طلبك رقم 42 منتهى', 0, '2022-10-18 16:15:54', '2022-10-18 16:15:54'),
(134, 30, 'تم تغيير حالة طلبك', 'طلبك رقم 45 جارى التحضير', 0, '2022-10-20 22:04:25', '2022-10-20 22:04:25'),
(135, 30, 'تم تغيير حالة طلبك', 'طلبك رقم 45 منتهى', 0, '2022-10-20 22:04:37', '2022-10-20 22:04:37'),
(136, 33, 'تم تغيير حالة طلبك', 'طلبك رقم 46 جارى التحضير', 0, '2022-10-21 12:35:45', '2022-10-21 12:35:45'),
(137, 33, 'تم تغيير حالة طلبك', 'طلبك رقم 46 منتهى', 0, '2022-10-21 12:35:54', '2022-10-21 12:35:54'),
(138, 33, 'تم تغيير حالة طلبك', 'طلبك رقم 47 منتهى', 0, '2022-10-21 12:39:14', '2022-10-21 12:39:14');

-- --------------------------------------------------------

--
-- Table structure for table `offers`
--

CREATE TABLE `offers` (
  `id` bigint(20) UNSIGNED NOT NULL,
  `name` varchar(191) COLLATE utf8mb4_unicode_ci DEFAULT NULL,
  `image` varchar(191) COLLATE utf8mb4_unicode_ci DEFAULT NULL,
  `amount` int(11) DEFAULT NULL,
  `start_date` date DEFAULT NULL,
  `end_date` date DEFAULT NULL,
  `type` enum('value','percentage') COLLATE utf8mb4_unicode_ci DEFAULT NULL,
  `value` double DEFAULT NULL,
  `percentage` double DEFAULT NULL,
  `old_price` double NOT NULL DEFAULT 0,
  `price` double NOT NULL DEFAULT 0,
  `is_available` enum('yes','no') COLLATE utf8mb4_unicode_ci NOT NULL DEFAULT 'yes',
  `created_at` timestamp NULL DEFAULT NULL,
  `updated_at` timestamp NULL DEFAULT NULL
) ENGINE=InnoDB DEFAULT CHARSET=utf8mb4 COLLATE=utf8mb4_unicode_ci;

--
-- Dumping data for table `offers`
--

INSERT INTO `offers` (`id`, `name`, `image`, `amount`, `start_date`, `end_date`, `type`, `value`, `percentage`, `old_price`, `price`, `is_available`, `created_at`, `updated_at`) VALUES
(12, 'عرض خاص على البامبرز', 'uploads/offer/89491664226649.jpg', 2, '2022-09-26', '2022-09-30', 'value', 35, NULL, 25, -10, 'yes', '2022-09-26 21:10:49', '2022-09-26 21:10:49'),
(14, 'عرض خاص على البامبرز', 'uploads/offer/78291664226729.jpg', 2, '2022-09-26', '2022-09-30', 'value', 30, NULL, 25, -5, 'yes', '2022-09-26 21:12:09', '2022-09-26 21:12:09'),
(15, 'عرض خاص على البامبرز', 'uploads/offer/26161664226908.jpg', 2, '2022-09-26', '2022-09-30', 'value', 30, NULL, 25, -5, 'yes', '2022-09-26 21:15:08', '2022-09-26 21:15:08'),
(16, 'عرض خاص على البامبرز', 'uploads/offer/58821664226934.jpg', 2, '2022-09-26', '2022-09-30', 'value', 30, NULL, 25, -5, 'yes', '2022-09-26 21:15:34', '2022-09-26 21:15:34'),
(17, 'عرض خاص على البامبرز', 'uploads/offer/75361664227383.jpg', 2, '2022-09-26', '2022-09-30', 'value', 30, NULL, 25, -5, 'yes', '2022-09-26 21:23:03', '2022-09-26 21:23:03'),
(21, 'عرض خاص على البامبرز', 'uploads/offer/42551664228014.jpg', 23, '2022-09-26', '2022-10-31', 'value', 30, 10, 200, 90, 'yes', '2022-09-26 21:33:34', '2022-10-12 23:10:05'),
(22, 'عرض تيست', 'uploads/offer/10721666093122.png', 10, '2022-10-17', '2022-10-31', 'value', 10, 10, 50, 40, 'yes', '2022-10-18 11:38:42', '2022-10-18 11:39:45');

-- --------------------------------------------------------

--
-- Table structure for table `offer_products`
--

CREATE TABLE `offer_products` (
  `id` bigint(20) UNSIGNED NOT NULL,
  `offer_id` bigint(20) UNSIGNED DEFAULT NULL,
  `product_id` bigint(20) UNSIGNED DEFAULT NULL,
  `unit_id` bigint(20) UNSIGNED DEFAULT NULL,
  `amount` int(11) NOT NULL DEFAULT 1,
  `created_at` timestamp NULL DEFAULT NULL,
  `updated_at` timestamp NULL DEFAULT NULL
) ENGINE=InnoDB DEFAULT CHARSET=utf8mb4 COLLATE=utf8mb4_unicode_ci;

--
-- Dumping data for table `offer_products`
--

INSERT INTO `offer_products` (`id`, `offer_id`, `product_id`, `unit_id`, `amount`, `created_at`, `updated_at`) VALUES
(44, 14, 3, 7, 2, '2022-09-26 21:12:09', '2022-09-26 21:12:09'),
(45, 15, 3, 7, 2, '2022-09-26 21:15:08', '2022-09-26 21:15:08'),
(46, 16, 3, 7, 2, '2022-09-26 21:15:34', '2022-09-26 21:15:34'),
(47, 17, 3, 6, 2, '2022-09-26 21:23:03', '2022-09-26 21:23:03'),
(51, 22, 3, 7, 1, '2022-10-18 11:39:45', '2022-10-18 11:39:45');

-- --------------------------------------------------------

--
-- Table structure for table `orders`
--

CREATE TABLE `orders` (
  `id` bigint(20) UNSIGNED NOT NULL,
  `count_orders` bigint(20) NOT NULL DEFAULT 1,
  `user_id` bigint(20) UNSIGNED DEFAULT NULL,
  `coupon_id` bigint(20) DEFAULT NULL,
  `status` enum('waiting','new','on_going','delivery','ended','canceled') COLLATE utf8mb4_unicode_ci NOT NULL DEFAULT 'waiting',
  `delivery_date` date DEFAULT NULL,
  `price` double NOT NULL DEFAULT 0,
  `discount` double NOT NULL DEFAULT 0,
  `total` double NOT NULL DEFAULT 0,
  `wallet_paid` double DEFAULT NULL,
  `cash_paid` double DEFAULT NULL,
  `created_at` timestamp NULL DEFAULT NULL,
  `updated_at` timestamp NULL DEFAULT NULL
) ENGINE=InnoDB DEFAULT CHARSET=utf8mb4 COLLATE=utf8mb4_unicode_ci;

--
-- Dumping data for table `orders`
--

INSERT INTO `orders` (`id`, `count_orders`, `user_id`, `coupon_id`, `status`, `delivery_date`, `price`, `discount`, `total`, `wallet_paid`, `cash_paid`, `created_at`, `updated_at`) VALUES
(28, 1, 24, NULL, 'delivery', '2022-10-13', 90, 0, 90, 90, 0, '2022-10-12 23:10:05', '2022-10-12 23:14:02'),
(32, 1, 30, NULL, 'ended', '2022-10-17', 2100, 0, 2100, 0, 2100, '2022-10-16 22:18:12', '2022-10-16 22:18:41'),
(33, 1, 28, NULL, 'ended', '2022-10-17', 1050, 0, 1050, 0, 1050, '2022-10-16 22:28:52', '2022-10-16 22:36:42'),
(34, 1, 26, NULL, 'ended', '2022-10-17', 170, 0, 170, 170, 0, '2022-10-16 22:38:44', '2022-10-16 22:39:04'),
(35, 2, 26, NULL, 'canceled', '2022-10-17', 0, 0, 0, 0, 0, '2022-10-16 22:40:47', '2022-10-18 15:55:50'),
(36, 3, 26, NULL, 'canceled', '2022-10-17', 0, 0, 0, 0, 0, '2022-10-16 22:40:59', '2022-10-18 15:55:44'),
(37, 2, 30, NULL, 'canceled', '2022-10-18', 0, 0, 0, 0, 0, '2022-10-17 16:13:08', '2022-10-18 16:37:53'),
(38, 2, 24, NULL, 'waiting', '2022-10-18', 300, 0, 600, 300, 0, '2022-10-17 21:06:13', '2022-10-17 21:24:37'),
(39, 2, 26, NULL, 'ended', '2022-10-19', 170, 0, 170, 0, 170, '2022-10-18 15:56:30', '2022-10-18 15:56:45'),
(40, 3, 26, NULL, 'ended', '2022-10-19', 1600, 0, 1600, 0, 1600, '2022-10-18 15:57:47', '2022-10-18 15:57:55'),
(41, 4, 26, NULL, 'ended', '2022-10-19', 170, 0, 170, 0, 170, '2022-10-18 16:05:21', '2022-10-18 16:08:27'),
(42, 5, 26, NULL, 'ended', '2022-10-19', 8000, 0, 8000, 0, 8000, '2022-10-18 16:12:45', '2022-10-18 16:15:54'),
(43, 2, 30, NULL, 'canceled', '2022-10-19', 0, 0, 0, 0, 0, '2022-10-18 16:38:09', '2022-10-18 16:49:31'),
(44, 6, 26, NULL, 'waiting', '2022-10-19', 340, 0, 340, 200, 140, '2022-10-18 16:42:24', '2022-10-18 16:42:43'),
(45, 2, 30, NULL, 'ended', '2022-10-21', 1600, 0, 1600, 0, 1600, '2022-10-20 22:00:24', '2022-10-20 22:04:37'),
(46, 1, 33, NULL, 'ended', '2022-10-22', 3600, 0, 3600, 0, 3600, '2022-10-21 12:35:06', '2022-10-21 12:35:54'),
(47, 2, 33, NULL, 'ended', '2022-10-22', 1050, 0, 1050, 0, 1050, '2022-10-21 12:38:56', '2022-10-21 12:39:14');

-- --------------------------------------------------------

--
-- Table structure for table `order_details`
--

CREATE TABLE `order_details` (
  `id` bigint(20) UNSIGNED NOT NULL,
  `order_id` bigint(20) UNSIGNED DEFAULT NULL,
  `product_id` bigint(20) UNSIGNED DEFAULT NULL,
  `unit_id` bigint(20) UNSIGNED DEFAULT NULL,
  `amount` int(11) NOT NULL DEFAULT 1,
  `type` enum('product','offer') COLLATE utf8mb4_unicode_ci DEFAULT NULL,
  `created_at` timestamp NULL DEFAULT NULL,
  `updated_at` timestamp NULL DEFAULT NULL
) ENGINE=InnoDB DEFAULT CHARSET=utf8mb4 COLLATE=utf8mb4_unicode_ci;

--
-- Dumping data for table `order_details`
--

INSERT INTO `order_details` (`id`, `order_id`, `product_id`, `unit_id`, `amount`, `type`, `created_at`, `updated_at`) VALUES
(19, 15, 3, 7, 5, 'product', '2022-09-26 22:19:50', '2022-09-26 22:19:50'),
(20, 16, 3, 7, 5, 'product', '2022-09-27 01:06:22', '2022-09-27 01:06:22'),
(21, 16, 18, NULL, 2, 'offer', '2022-09-27 01:06:22', '2022-09-27 01:06:22'),
(22, 17, 3, 7, 10, 'product', '2022-09-27 02:28:16', '2022-09-27 02:28:16'),
(23, 18, 8, 7, 1, 'product', '2022-09-27 03:35:24', '2022-09-27 03:35:24'),
(24, 18, 7, 7, 1, 'product', '2022-09-27 03:35:24', '2022-09-27 03:35:24'),
(25, 19, 7, 7, 1, 'product', '2022-09-27 03:36:49', '2022-09-27 03:36:49'),
(26, 19, 3, 7, 2, 'product', '2022-09-27 03:36:49', '2022-09-27 03:36:49'),
(27, 20, 8, 6, 1, 'product', '2022-09-29 14:40:00', '2022-09-29 14:40:00'),
(28, 20, 3, 7, 2, 'product', '2022-09-29 14:40:00', '2022-09-29 14:40:00'),
(29, 20, 7, 6, 2, 'product', '2022-09-29 14:40:00', '2022-09-29 14:40:00'),
(30, 21, 3, 6, 1, 'product', '2022-10-03 23:26:59', '2022-10-03 23:26:59'),
(31, 22, 3, 6, 1, 'product', '2022-10-04 09:14:30', '2022-10-04 09:14:30'),
(32, 23, 7, 6, 4, 'product', '2022-10-04 09:17:06', '2022-10-04 09:17:06'),
(33, 23, 3, 6, 2, 'product', '2022-10-04 09:17:06', '2022-10-04 09:17:06'),
(34, 24, 3, 6, 1, 'product', '2022-10-04 09:25:12', '2022-10-04 09:25:12'),
(35, 25, 19, NULL, 1, 'offer', '2022-10-12 19:46:50', '2022-10-12 19:46:50'),
(36, 26, 19, NULL, 1, 'offer', '2022-10-12 19:52:03', '2022-10-12 19:52:03'),
(37, 27, 21, NULL, 1, 'offer', '2022-10-12 22:42:33', '2022-10-12 22:42:33'),
(38, 28, 21, NULL, 1, 'offer', '2022-10-12 23:10:05', '2022-10-12 23:10:05'),
(42, 32, 3, 6, 2, 'product', '2022-10-16 22:18:12', '2022-10-16 22:18:12'),
(43, 33, 3, 6, 1, 'product', '2022-10-16 22:28:52', '2022-10-16 22:28:52'),
(44, 34, 8, 7, 1, 'product', '2022-10-16 22:38:44', '2022-10-16 22:38:44'),
(45, 35, 8, 7, 1, 'product', '2022-10-16 22:40:47', '2022-10-16 22:40:47'),
(46, 36, 8, 7, 1, 'product', '2022-10-16 22:40:59', '2022-10-16 22:40:59'),
(47, 37, 3, 6, 2, 'product', '2022-10-17 16:13:08', '2022-10-17 16:13:08'),
(48, 38, 8, 6, 2, 'product', '2022-10-17 21:06:13', '2022-10-17 21:24:37'),
(49, 39, 8, 7, 1, 'product', '2022-10-18 15:56:30', '2022-10-18 15:56:30'),
(50, 40, 8, 6, 1, 'product', '2022-10-18 15:57:47', '2022-10-18 15:57:47'),
(51, 41, 8, 7, 1, 'product', '2022-10-18 16:05:21', '2022-10-18 16:05:21'),
(52, 42, 8, 6, 5, 'product', '2022-10-18 16:12:45', '2022-10-18 16:12:45'),
(53, 37, 7, 6, 1, 'product', '2022-10-18 16:35:05', '2022-10-18 16:35:05'),
(54, 37, 8, 6, 1, 'product', '2022-10-18 16:36:25', '2022-10-18 16:36:25'),
(55, 37, 8, 7, 5, 'product', '2022-10-18 16:37:06', '2022-10-18 16:37:06'),
(56, 43, 8, 7, 7, 'product', '2022-10-18 16:38:09', '2022-10-18 16:40:37'),
(57, 43, 3, 7, 2, 'product', '2022-10-18 16:41:34', '2022-10-18 16:41:34'),
(58, 44, 8, 7, 2, 'product', '2022-10-18 16:42:24', '2022-10-18 16:42:43'),
(59, 45, 8, 6, 1, 'product', '2022-10-20 22:00:24', '2022-10-20 22:00:24'),
(60, 46, 7, 6, 1, 'product', '2022-10-21 12:35:06', '2022-10-21 12:35:06'),
(61, 46, 3, 6, 2, 'product', '2022-10-21 12:35:06', '2022-10-21 12:35:06'),
(62, 47, 3, 6, 1, 'product', '2022-10-21 12:38:56', '2022-10-21 12:38:56');

-- --------------------------------------------------------

--
-- Table structure for table `permissions`
--

CREATE TABLE `permissions` (
  `id` bigint(20) UNSIGNED NOT NULL,
  `section_id` bigint(20) UNSIGNED DEFAULT NULL,
  `name` varchar(191) DEFAULT NULL,
  `created_at` timestamp NULL DEFAULT NULL,
  `updated_at` timestamp NULL DEFAULT NULL
) ENGINE=InnoDB DEFAULT CHARSET=utf8mb4;

--
-- Dumping data for table `permissions`
--

INSERT INTO `permissions` (`id`, `section_id`, `name`, `created_at`, `updated_at`) VALUES
(1, 1, 'عرض ', NULL, NULL),
(2, 1, 'تعديل ', NULL, NULL),
(3, 1, 'حذف ', NULL, NULL),
(4, 1, 'اضافة ', NULL, NULL),
(5, 2, 'عرض ', NULL, NULL),
(7, 2, 'حذف ', NULL, NULL),
(9, 2, 'تغيير الحالة ', NULL, NULL),
(10, 2, 'حظر ', NULL, NULL),
(11, 3, 'عرض ', NULL, NULL),
(12, 3, 'تعديل ', NULL, NULL),
(13, 3, 'حذف ', NULL, NULL),
(14, 3, 'اضافة ', NULL, NULL),
(15, 4, 'عرض ', NULL, NULL),
(16, 4, 'تعديل ', NULL, NULL),
(17, 4, 'حذف ', NULL, NULL),
(18, 4, 'اضافة ', NULL, NULL),
(19, 5, 'عرض ', NULL, NULL),
(20, 5, 'رد ', NULL, NULL),
(21, 5, 'حذف ', NULL, NULL),
(22, 6, 'تعديل ', NULL, NULL),
(23, 7, 'عرض ', NULL, NULL),
(24, 7, 'تعديل ', NULL, NULL),
(25, 7, 'حذف ', NULL, NULL),
(26, 7, 'اضافة ', NULL, NULL),
(27, 8, 'عرض ', NULL, NULL),
(28, 8, 'تعديل ', NULL, NULL),
(29, 8, 'حذف ', NULL, NULL),
(30, 8, 'اضافة ', NULL, NULL),
(31, 9, 'عرض ', NULL, NULL),
(32, 9, 'تعديل ', NULL, NULL),
(33, 9, 'حذف ', NULL, NULL),
(34, 9, 'اضافة ', NULL, NULL),
(35, 10, 'عرض ', NULL, NULL),
(36, 10, 'تعديل ', NULL, NULL),
(37, 10, 'حذف ', NULL, NULL),
(38, 10, 'اضافة ', NULL, NULL),
(39, 11, 'عرض ', NULL, NULL),
(40, 11, 'حذف ', NULL, NULL),
(41, 11, 'تغيير الحالة ', NULL, NULL),
(42, 12, 'اضافة ', NULL, NULL),
(43, 13, 'عرض ', NULL, NULL),
(44, 13, 'تعديل ', NULL, NULL),
(45, 13, 'حذف ', NULL, NULL),
(46, 13, 'اضافة ', NULL, NULL),
(47, 14, 'عرض ', NULL, NULL),
(48, 14, 'تعديل ', NULL, NULL),
(49, 14, 'حذف ', NULL, NULL),
(50, 14, 'اضافة ', NULL, NULL),
(51, 15, 'عرض ', NULL, NULL);

-- --------------------------------------------------------

--
-- Table structure for table `permission_sections`
--

CREATE TABLE `permission_sections` (
  `id` bigint(20) UNSIGNED NOT NULL,
  `name` varchar(191) DEFAULT NULL,
  `created_at` timestamp NULL DEFAULT NULL,
  `updated_at` timestamp NULL DEFAULT NULL
) ENGINE=InnoDB DEFAULT CHARSET=utf8mb4;

--
-- Dumping data for table `permission_sections`
--

INSERT INTO `permission_sections` (`id`, `name`, `created_at`, `updated_at`) VALUES
(1, 'المشرفين', NULL, NULL),
(2, 'العملاء', NULL, NULL),
(3, 'الاقسام الرئيسية', NULL, NULL),
(4, 'الاقسام الفرعية', NULL, NULL),
(5, 'تواصل معنا', NULL, NULL),
(6, 'الاعدادات', NULL, NULL),
(7, 'صور العرض', NULL, NULL),
(8, 'الوحدات', NULL, NULL),
(9, 'المنتجات', NULL, NULL),
(10, 'العروض', NULL, NULL),
(11, 'الطلبات', NULL, NULL),
(12, 'الاشعارات', NULL, NULL),
(13, 'الاهداف', NULL, NULL),
(14, 'الكوبونات', NULL, NULL),
(15, 'احصائيات اارئيسية', NULL, NULL);

-- --------------------------------------------------------

--
-- Table structure for table `phone_token`
--

CREATE TABLE `phone_token` (
  `id` bigint(20) UNSIGNED NOT NULL,
  `user_id` bigint(20) UNSIGNED NOT NULL,
  `type` enum('ios','android') COLLATE utf8mb4_unicode_ci DEFAULT 'android',
  `phone_token` varchar(255) COLLATE utf8mb4_unicode_ci NOT NULL,
  `created_at` date DEFAULT NULL,
  `updated_at` date DEFAULT NULL
) ENGINE=InnoDB DEFAULT CHARSET=utf8mb4 COLLATE=utf8mb4_unicode_ci;

--
-- Dumping data for table `phone_token`
--

INSERT INTO `phone_token` (`id`, `user_id`, `type`, `phone_token`, `created_at`, `updated_at`) VALUES
(66, 24, 'android', 'fuOUPJyqQr6i8us8T7JLhF:APA91bGc9d8lTgbA240yCUcH3LVQOOEQNJUYd9WbWT1WYQSfys7lsmTQFPBKM3ip7g5kd8MtEHxWAelsALsDt5ILgSTglV311GLXhpzAuYeNeE9xfII7pXlAI2dV0T4Xx5apG6Pa_1wJ', '2022-10-12', '2022-10-12'),
(67, 24, 'android', 'e7TGlJhwTdeN-inc-Xh23U:APA91bGIyHYfPspQgpBcmgBRem-7iL6Vo2oF9BlPRswvIxwUnIvwOIz0At717ZoUTfWHx7fhbjhkW8KhBI5a9nfZ6G7EfTOJx08sHCNMryhw_uMo-iRS1GbTImmvhz_r0xHydyfmfEwC', '2022-10-12', '2022-10-12'),
(68, 28, 'android', 'dNqot7lhRaW4ji0S18Imp5:APA91bFLv-5_nxni9h2p6EEAiMSXpyYThyZ68dM7BuwS8wkSOyUjTIGjA0NKlVmd45E8nhuYFsxSR0uw2iYGWSsoq0RluoQmoCd5xLVyw50Jp1lxidGuYGuFcV6nWC7vFMeQraHvK3ii', '2022-10-16', '2022-10-16'),
(69, 28, 'android', 'dNqot7lhRaW4ji0S18Imp5:APA91bHtXitn2TYHphzXQmaaHuNIdMnDxd1A_7n2kW4m8qD51Hlwx3wKBH9C0nxuO_K6BhJtBpDEAxAC9M4kyocWm5CMn-qrGP2HbTdBXNSHdbfz574qoSoi-pmz50-V-50M1c97xKQj', '2022-10-16', '2022-10-16'),
(70, 30, 'android', 'edYenRrYRDmfaGpRgn2bKp:APA91bGRwEd1MIR4Dq-eYXtP-yDyVHvtnF60ZtURZUUOtKht0wKTBEsxq7M7Ztr_SPhw-VmOAIf0o-SnZLd3qQ4eaP1B3UlBhFXOjRN534qKCKpAjLOXyS4DvNN0LecuKAy6bqAkQ42g', '2022-10-16', '2022-10-16'),
(71, 30, 'android', 'edYenRrYRDmfaGpRgn2bKp:APA91bGRwEd1MIR4Dq-eYXtP-yDyVHvtnF60ZtURZUUOtKht0wKTBEsxq7M7Ztr_SPhw-VmOAIf0o-SnZLd3qQ4eaP1B3UlBhFXOjRN534qKCKpAjLOXyS4DvNN0LecuKAy6bqAkQ42g', '2022-10-16', '2022-10-16'),
(72, 26, 'android', 'cHk_PbgKSuyN1esp3ICFRn:APA91bG_2VmJMp9BJiWAZZNWetyNq0rAmzy1vUKwiyg_smDfS39doIJNwWWbZkWiTk4qD42teX2TweUo1pA9iClPrts7eFwKvAN-T7WsoD62WtNtu392oowQGQ0g9a32AUk9qEXngUbh', '2022-10-16', '2022-10-16'),
(73, 31, 'android', 'edYenRrYRDmfaGpRgn2bKp:APA91bGRwEd1MIR4Dq-eYXtP-yDyVHvtnF60ZtURZUUOtKht0wKTBEsxq7M7Ztr_SPhw-VmOAIf0o-SnZLd3qQ4eaP1B3UlBhFXOjRN534qKCKpAjLOXyS4DvNN0LecuKAy6bqAkQ42g', '2022-10-20', '2022-10-20'),
(74, 31, 'android', 'e7TGlJhwTdeN-inc-Xh23U:APA91bGIyHYfPspQgpBcmgBRem-7iL6Vo2oF9BlPRswvIxwUnIvwOIz0At717ZoUTfWHx7fhbjhkW8KhBI5a9nfZ6G7EfTOJx08sHCNMryhw_uMo-iRS1GbTImmvhz_r0xHydyfmfEwC', '2022-10-20', '2022-10-20'),
(75, 32, 'android', 'e7TGlJhwTdeN-inc-Xh23U:APA91bGIyHYfPspQgpBcmgBRem-7iL6Vo2oF9BlPRswvIxwUnIvwOIz0At717ZoUTfWHx7fhbjhkW8KhBI5a9nfZ6G7EfTOJx08sHCNMryhw_uMo-iRS1GbTImmvhz_r0xHydyfmfEwC', '2022-10-20', '2022-10-20'),
(76, 33, 'android', 'dkLiz8CaS9e5MfPwUBsrwB:APA91bHmGtx8oSNY8GBZbWE_sXQf2rxMf-WMQGq4bzBpYVtWvZkqVvEukSnrtGMcWjqmunOfGMqUz_EHcRzlHPP-eeVXZmoSQ7qOVhUh2SOunyPmK976qB2uzQmYqLzIL0u4Q4Y6wLp1', '2022-10-21', '2022-10-21');

-- --------------------------------------------------------

--
-- Table structure for table `products`
--

CREATE TABLE `products` (
  `id` bigint(20) UNSIGNED NOT NULL,
  `name` varchar(191) COLLATE utf8mb4_unicode_ci DEFAULT NULL,
  `image` varchar(191) COLLATE utf8mb4_unicode_ci DEFAULT NULL,
  `sm_unit_price` double NOT NULL DEFAULT 0,
  `lg_unit_price` double DEFAULT NULL,
  `category_id` bigint(20) UNSIGNED DEFAULT NULL,
  `brand_id` bigint(20) UNSIGNED DEFAULT NULL,
  `sm_unit_id` bigint(20) UNSIGNED DEFAULT NULL,
  `min_sm_amount` int(11) NOT NULL DEFAULT 1,
  `max_sm_amount` int(11) DEFAULT NULL,
  `lg_unit_id` bigint(20) UNSIGNED DEFAULT NULL,
  `min_lg_amount` int(11) DEFAULT NULL,
  `max_lg_amount` int(11) DEFAULT NULL,
  `lg_sm_amount` int(11) NOT NULL DEFAULT 1,
  `amount` int(11) NOT NULL DEFAULT 1,
  `purchase_price` double NOT NULL DEFAULT 0,
  `is_available` enum('yes','no') COLLATE utf8mb4_unicode_ci NOT NULL DEFAULT 'yes',
  `buy_lg_unit` enum('yes','no') COLLATE utf8mb4_unicode_ci NOT NULL DEFAULT 'no',
  `created_at` timestamp NULL DEFAULT NULL,
  `updated_at` timestamp NULL DEFAULT NULL
) ENGINE=InnoDB DEFAULT CHARSET=utf8mb4 COLLATE=utf8mb4_unicode_ci;

--
-- Dumping data for table `products`
--

INSERT INTO `products` (`id`, `name`, `image`, `sm_unit_price`, `lg_unit_price`, `category_id`, `brand_id`, `sm_unit_id`, `min_sm_amount`, `max_sm_amount`, `lg_unit_id`, `min_lg_amount`, `max_lg_amount`, `lg_sm_amount`, `amount`, `purchase_price`, `is_available`, `buy_lg_unit`, `created_at`, `updated_at`) VALUES
(3, 'بامبرز مقاس 3', 'http://filtar.rynprogramming.com/assets/uploads/products/18471660643007.png', 155, 1050, 2, 3, 7, 2, 10, 6, 1, 2, 10, 75, 140, 'yes', 'yes', '2022-08-16 11:33:59', '2022-10-21 12:38:56'),
(7, 'بامبرز مقاس 4 -58 قطعة', 'http://filtar.rynprogramming.com/assets/uploads/products/88621660647942.png', 160, 1500, 2, 21, 7, 1, 25, 6, 1, 5, 10, 18, 145, 'yes', 'no', '2022-09-27 03:29:39', '2022-10-21 12:35:06'),
(8, 'بامبرز مقاس 5 -58 قطعة', 'uploads/product/57361665956641.png', 170, 1600, 3, 1, 7, 1, 25, 6, 1, 5, 10, 4, 150, 'yes', 'no', '2022-09-27 03:31:11', '2022-10-20 22:00:24'),
(70, 'اريال ب5ج', 'uploads/product/65531665960076.jpg', 45, 45, 2, 21, 10, 12, 60, 6, 1, 50, 12, 1200, 41, 'yes', 'no', '2022-10-16 22:41:16', '2022-10-18 13:23:32');

-- --------------------------------------------------------

--
-- Table structure for table `settings`
--

CREATE TABLE `settings` (
  `id` bigint(20) UNSIGNED NOT NULL,
  `order_time` time DEFAULT NULL,
  `call_center` int(11) DEFAULT NULL,
  `delivery_days` int(11) NOT NULL DEFAULT 0,
  `register_gift` int(11) NOT NULL DEFAULT 0,
  `purchase_gift` int(11) NOT NULL DEFAULT 0,
  `terms` longtext COLLATE utf8mb4_unicode_ci DEFAULT NULL,
  `privacy` longtext COLLATE utf8mb4_unicode_ci DEFAULT NULL,
  `min_order_price` double NOT NULL DEFAULT 0,
  `max_order_price` double NOT NULL DEFAULT 0,
  `logo` varchar(191) COLLATE utf8mb4_unicode_ci DEFAULT NULL,
  `fav_icon` varchar(191) COLLATE utf8mb4_unicode_ci DEFAULT NULL,
  `created_at` timestamp NULL DEFAULT NULL,
  `updated_at` timestamp NULL DEFAULT NULL
) ENGINE=InnoDB DEFAULT CHARSET=utf8mb4 COLLATE=utf8mb4_unicode_ci;

--
-- Dumping data for table `settings`
--

INSERT INTO `settings` (`id`, `order_time`, `call_center`, `delivery_days`, `register_gift`, `purchase_gift`, `terms`, `privacy`, `min_order_price`, `max_order_price`, `logo`, `fav_icon`, `created_at`, `updated_at`) VALUES
(1, '17:00:00', 196331, 1, 50, 1000, '<div class=\"links p-5\" style=\"margin: 0px; outline: none; color: rgb(33, 37, 41); font-size: 16px; padding: 3rem !important;\"><ul class=\"padl-15\" style=\"margin: 0px 0px 1rem; padding-left: 2rem; outline: none;\"><li style=\"margin: 0px; padding: 0px; outline: none;\"><a href=\"http://localhost/El-Premo/public/terms#1\" style=\"margin: 0px; padding: 0px; outline: none; color: rgb(13, 110, 253);\">(1) مقدمة</a></li><li style=\"margin: 0px; padding: 0px; outline: none;\"><a href=\"http://localhost/El-Premo/public/terms#2\" style=\"margin: 0px; padding: 0px; outline: none; color: rgb(13, 110, 253);\">(2) الشروط و الاحكام</a></li><li style=\"margin: 0px; padding: 0px; outline: none;\"><a href=\"http://localhost/El-Premo/public/terms#3\" style=\"margin: 0px; padding: 0px; outline: none; color: rgb(13, 110, 253);\">(3) من نحن</a></li><li style=\"margin: 0px; padding: 0px; outline: none;\"><a href=\"http://localhost/El-Premo/public/terms#4\" style=\"margin: 0px; padding: 0px; outline: none; color: rgb(13, 110, 253);\">(4) الحسابك والتزامات التسجيل</a></li></ul></div><div class=\"heading-para p-2\" style=\"margin: 0px; outline: none; color: rgb(33, 37, 41); font-size: 16px;\"><h5 id=\"1\" style=\"font-family: Cairo, sans-serif; margin-right: 0px; margin-bottom: 30px; margin-left: 0px; padding: 0px; outline: none; font-weight: bold; line-height: 1.2; font-size: 1.25rem;\">(1) مقدمة :</h5><div>أهلاً بكم مع البريمو، فيما يلي البنود والشروط التي تخص إستخدامك و دخولك لصفحات موقع \"<span style=\"margin: 0px; padding: 0px; outline: none;\">&nbsp;البريمو&nbsp;</span>\"&nbsp; وكافة الصفحات و الروابط والأدوات والخواص المتفرعة عنها. إن إستخدامك لموقع البريمو&nbsp;هو موافقة منك على القبول ببنود وشروط هذه الإتفاقية والذي يتضمن كافة التفاصيل أدناه وهو تأكيد لإلتزامك بالاستجابة لمضمون هذه الإتفاقية الخاصة بشركة البريمو&nbsp; والمشار إليه فيما يلي بإسم \"نحن\" والمشار إليه إيضا بـ\"<span style=\"margin: 0px; padding: 0px; outline: none;\">البريمو&nbsp;</span>\"، فيما يتعلق باستخدامك للموقع، والمشار إليه فيما يلي بـ \"اتفاقية الإستخدام \" وتعتبر هذه الإتفاقية سارية المفعول حال قبولك بخيار الموافقة</div><h5 id=\"2\" style=\"font-family: Cairo, sans-serif; margin-right: 0px; margin-bottom: 30px; margin-left: 0px; padding: 0px; outline: none; font-weight: bold; line-height: 1.2; font-size: 1.25rem;\">(2) الشروط و الاحكام :</h5><div></div><ul style=\"margin: 0px 0px 1rem; padding-right: 30px; padding-left: 2rem; outline: none;\"><li style=\"margin: 0px; padding: 0px; outline: none;\">سوف يتم تقديم الاستشارة في الوقت المتفق عليه عند حجز طلب وبعد سداد الرسوم.</li><li style=\"margin: 0px; padding: 0px; outline: none;\">إن مجرد الولوج لهذه الخدمة واتباع الخطوات يعتبر موافقة من المشترى على الشروط والأحكام المتعلقة بالخدمة ووفقاً لما يلي:<ul style=\"margin: 0px; padding-right: 30px; padding-left: 2rem; outline: none;\"><li style=\"margin: 0px; padding: 0px; outline: none;\">الموافقة على الرسوم وطريقة الدفع. الرسوم سوف يتم سدادها بالجنيه المصرى.</li><li style=\"margin: 0px; padding: 0px; outline: none;\">الموافقة على نطاق الخدمة.</li><li style=\"margin: 0px; padding: 0px; outline: none;\">موافقة المريض على منح المعلومات المطلوبة سواء شفهياً من خلال الهاتف أو رسالة الكترونية و/أو عبر أي سائل الالكترونية.</li><li style=\"margin: 0px; padding: 0px; outline: none;\">الموافقة على تسجيل الاتصال الصوتي أو الاتصال المرئي لغايات السلامة.</li><li style=\"margin: 0px; padding: 0px; outline: none;\">الموافقة على أن يتم حفظ التاريخ للمشترى لدى السجلات الطلبات في الموقع .</li></ul></li></ul><ul style=\"margin: 0px 0px 1rem; padding-right: 30px; padding-left: 2rem; outline: none;\"><li style=\"margin: 0px; padding: 0px; outline: none;\">كافة المعلومات المقدمة من المشترى تخضع بشكل تام لسياسة موقع العبدلي المتعلقة بالسرية.</li><li style=\"margin: 0px; padding: 0px; outline: none;\"><br></li></ul><div></div><h5 id=\"3\" style=\"font-family: Cairo, sans-serif; margin-right: 0px; margin-bottom: 30px; margin-left: 0px; padding: 0px; outline: none; font-weight: bold; line-height: 1.2; font-size: 1.25rem;\">(3) من نحن :</h5><div>يعتبر الموقع واحداً من المنظومات الصحية الداعمة لتقديم خدمات عالية الجودة وبمساندة أحدث التقنيات الحديثة تبلغ الطاقة الاستيعابية للموقع&nbsp;&nbsp;100طلب وتشتمل الخدمات على الأقسام المتنوعة.<br style=\"margin: 0px; padding: 0px; outline: none;\"><span style=\"color: inherit; font-size: 1.25rem; font-weight: bold;\">(4) الحسابك والتزامات التسجيل :</span></div><div>وكلمة مرور سرية لاستعمالها عند الدخول للموقع. وعند قبول طلب التسجيل ستعتبر عضوا بالموقع وبذلك تكون ، تكون قد وافقت على<br style=\"margin: 0px; padding: 0px; outline: none;\">:<br style=\"margin: 0px; padding: 0px; outline: none;\"><br style=\"margin: 0px; padding: 0px; outline: none;\">1.أن تكون مسؤولاً عن المحافظة على سرية معلومات حسابك وكلمة المرور السرية وتحديد الأشخاص المسموح لهم بالوصول واستخدام حسابك بالموقع. وتكون بذلك موافقاً على إعلام&nbsp;<span style=\"margin: 0px; padding: 0px; outline: none;\">البريمو&nbsp;</span>حالاً بأي استخدام غير مفوض به لكلمة دخولك أو حسابك أو أي اختراق آخر لمعلوماتك السرية.<br style=\"margin: 0px; padding: 0px; outline: none;\"><br style=\"margin: 0px; padding: 0px; outline: none;\">2.لن يكون&nbsp;<span style=\"margin: 0px; padding: 0px; outline: none;\">البريمو&nbsp;</span>بأي حال من الأحوال مسؤولاً عن أي خسارة قد تلحق بك بشكل مباشر أو غير مباشر معنويا أو ماديا نتيجة كشف معلومات إسم المستخدم أو كلمة الدخول<br style=\"margin: 0px; padding: 0px; outline: none;\"><br style=\"margin: 0px; padding: 0px; outline: none;\">3.أنت مسؤول على المحافظة على لإستخدام موقع&nbsp;<span style=\"margin: 0px; padding: 0px; outline: none;\">البريمو&nbsp;</span>بكل جدية و مصداقية وتعتبر ملزما بتعويض&nbsp;<span style=\"margin: 0px; padding: 0px; outline: none;\">البريمو&nbsp;</span>عن أي خسائر مباشرة أو غير مباشرة قد تلحق ب<span style=\"margin: 0px; padding: 0px; outline: none;\">&nbsp;البريمو&nbsp;</span>نتيجة أي استخدام غير شرعي أو حقيقي أو مفوض لحسابك من طرفك أو من<br style=\"margin: 0px; padding: 0px; outline: none;\"><br style=\"margin: 0px; padding: 0px; outline: none;\">طرف أي شخص آخر حصل على مفاتيح الوصول إلى حسابك بالموقع سواء كان لإنجاز خدمات وغيرها باستعمال اسم المستخدم وكلمة الدخول، سواء بتفويض منك أو بلا تفويض.<br style=\"margin: 0px; padding: 0px; outline: none;\"><br style=\"margin: 0px; padding: 0px; outline: none;\">4.أنت موافق على الإفصاح بمعلومات حقيقية وصحيحة و محدثة و كاملة عن نفسك حسبما هو مطلوب في استمارة التسجيل لدى&nbsp;<span style=\"margin: 0px; padding: 0px; outline: none;\">البريمو&nbsp;</span>\"<br style=\"margin: 0px; padding: 0px; outline: none;\"><br style=\"margin: 0px; padding: 0px; outline: none;\">5.أن لا تدرج ضمن بطاقة التسجيل أي من تفاصيل الاتصال بك كعناوين البريد الإلكتروني أو أرقام هواتفك أو أي تفاصيل شخصية، أو كلمة \"سوق\".<br style=\"margin: 0px; padding: 0px; outline: none;\"><br style=\"margin: 0px; padding: 0px; outline: none;\">6.أن لا يتضمن اسم محلك التجاري كلمة \"سوق\" أو شعاره.<br style=\"margin: 0px; padding: 0px; outline: none;\"><br style=\"margin: 0px; padding: 0px; outline: none;\">7.يلتزم&nbsp;<span style=\"margin: 0px; padding: 0px; outline: none;\">البريمو&nbsp;</span>بالتعامل مع معلوماتك الشخصية وعناوين الإتصال بك بسريّة تامة مع الأعضاء الآخرين ويتم تزويد الأعضاء بمعلومات الإتصال بك فقط فور إتمام العمليات التجارية.<br style=\"margin: 0px; padding: 0px; outline: none;\"><br style=\"margin: 0px; padding: 0px; outline: none;\">8.سوف تكون ملزماً بالحفاظ على بيانات التسجيل وتحديثها تباعاً للابقاء عليها حقيقية وصحيحة وراهنة وكاملة، وإذا ما أفصحت عن معلومات غير حقيقية أو غير صحيحة أوغير راهنة أوغير كاملة او مخالفة لما جاء في اتفاقية المستخدم، فإن ل<span style=\"margin: 0px; padding: 0px; outline: none;\">&nbsp;البريمو&nbsp;</span>الحق<br style=\"margin: 0px; padding: 0px; outline: none;\"><br style=\"margin: 0px; padding: 0px; outline: none;\">كاملاً في وقف أو تحديد أو إلغاء عضويتك و حسابك في الموقع، وذلك دون الحاق الأضرار بحقوق&nbsp;<span style=\"margin: 0px; padding: 0px; outline: none;\">البريمو&nbsp;</span>الأخرى ووسائله المشروعة في استرداد حقوقه.<br style=\"margin: 0px; padding: 0px; outline: none;\"><br style=\"margin: 0px; padding: 0px; outline: none;\">9.ل<span style=\"margin: 0px; padding: 0px; outline: none;\">&nbsp;البريمو&nbsp;</span>مطلق الإرادة وفي أي وقت أن يجري أي تحقيقات يراها ضرورية (مباشرة أو عبر طرف ثالث) ويطالبك بالإفصاح عن معلومات إضافية أو وثائق مهما كان حجمها لاثبات هويتك و/أو ملكيتك لأدواتك المالية.<br style=\"margin: 0px; padding: 0px; outline: none;\"><br style=\"margin: 0px; padding: 0px; outline: none;\">10.في حالة أن المقدم لطلب التسجيل يمثل مؤسسة تجارية فلابد من تزويد كافة المعلومات والوثائق المطلوبة التي تتضمن رخصتك التجارية، ووثائق أخرى للمؤسسة و/أو وثائق تظهر مسؤولية أي شخص يتصرف نيابة عنك.<br style=\"margin: 0px; padding: 0px; outline: none;\"><br style=\"margin: 0px; padding: 0px; outline: none;\">11.أنت موافق على تزويد أي معلومات و/أو وثائق ل<span style=\"margin: 0px; padding: 0px; outline: none;\">&nbsp;البريمو&nbsp;</span>في حال طلب منك ذلك.<br style=\"margin: 0px; padding: 0px; outline: none;\"><br style=\"margin: 0px; padding: 0px; outline: none;\">12.في حالة عدم الإلتزام بأي مما ورد إعلاه فإن لإدارة&nbsp;<span style=\"margin: 0px; padding: 0px; outline: none;\">البريمو&nbsp;</span>الحق في إيقاف أو إلغاء عضويتك و حجبك عن الموقع. ونحتفظ كذلك بالحق في إلغاء أي حسابات غير مؤكدة وغير مثبتة أو عمليات أو حسابات مر عليها مدة طويلة دون نشاط.</div></div>', '<div class=\"heading-para p-2\" style=\"margin: 0px; outline: none; color: rgb(33, 37, 41); font-size: 16px;\"><div><div class=\"links p-5\" style=\"margin: 0px; outline: none; padding: 3rem !important;\"><ul class=\"padl-15\" style=\"margin: 0px 0px 1rem; padding-left: 2rem; outline: none;\"><li style=\"margin: 0px; padding: 0px; outline: none;\"><a href=\"http://localhost/El-Premo/public/terms#1\" style=\"color: rgb(13, 110, 253); margin: 0px; padding: 0px; outline: none;\">(1) مقدمة</a></li><li style=\"margin: 0px; padding: 0px; outline: none;\"><a href=\"http://localhost/El-Premo/public/terms#2\" style=\"color: rgb(13, 110, 253); margin: 0px; padding: 0px; outline: none;\">(2) الشروط و الاحكام</a></li><li style=\"margin: 0px; padding: 0px; outline: none;\"><a href=\"http://localhost/El-Premo/public/terms#3\" style=\"color: rgb(13, 110, 253); margin: 0px; padding: 0px; outline: none;\">(3) من نحن</a></li><li style=\"margin: 0px; padding: 0px; outline: none;\"><a href=\"http://localhost/El-Premo/public/terms#4\" style=\"color: rgb(13, 110, 253); margin: 0px; padding: 0px; outline: none;\">(4) الحسابك والتزامات التسجيل</a></li></ul></div><div class=\"heading-para p-2\" style=\"margin: 0px; outline: none;\"><h5 id=\"1\" style=\"font-family: Cairo, sans-serif; margin-right: 0px; margin-bottom: 30px; margin-left: 0px; font-weight: bold; line-height: 1.2; font-size: 1.25rem; padding: 0px; outline: none;\">(1) مقدمة :</h5><div>أهلاً بكم مع البريمو، فيما يلي البنود والشروط التي تخص إستخدامك و دخولك لصفحات موقع \"<span style=\"margin: 0px; padding: 0px; outline: none;\">&nbsp;البريمو&nbsp;</span>\"&nbsp; وكافة الصفحات و الروابط والأدوات والخواص المتفرعة عنها. إن إستخدامك لموقع البريمو&nbsp;هو موافقة منك على القبول ببنود وشروط هذه الإتفاقية والذي يتضمن كافة التفاصيل أدناه وهو تأكيد لإلتزامك بالاستجابة لمضمون هذه الإتفاقية الخاصة بشركة البريمو&nbsp; والمشار إليه فيما يلي بإسم \"نحن\" والمشار إليه إيضا بـ\"<span style=\"margin: 0px; padding: 0px; outline: none;\">البريمو&nbsp;</span>\"، فيما يتعلق باستخدامك للموقع، والمشار إليه فيما يلي بـ \"اتفاقية الإستخدام \" وتعتبر هذه الإتفاقية سارية المفعول حال قبولك بخيار الموافقة</div><h5 id=\"2\" style=\"font-family: Cairo, sans-serif; margin-right: 0px; margin-bottom: 30px; margin-left: 0px; font-weight: bold; line-height: 1.2; font-size: 1.25rem; padding: 0px; outline: none;\">(2) الشروط و الاحكام :</h5><div></div><ul style=\"margin: 0px 0px 1rem; padding-right: 30px; padding-left: 2rem; outline: none;\"><li style=\"margin: 0px; padding: 0px; outline: none;\">سوف يتم تقديم الاستشارة في الوقت المتفق عليه عند حجز طلب وبعد سداد الرسوم.</li><li style=\"margin: 0px; padding: 0px; outline: none;\">إن مجرد الولوج لهذه الخدمة واتباع الخطوات يعتبر موافقة من المشترى على الشروط والأحكام المتعلقة بالخدمة ووفقاً لما يلي:<ul style=\"margin: 0px; padding-right: 30px; padding-left: 2rem; outline: none;\"><li style=\"margin: 0px; padding: 0px; outline: none;\">الموافقة على الرسوم وطريقة الدفع. الرسوم سوف يتم سدادها بالجنيه المصرى.</li><li style=\"margin: 0px; padding: 0px; outline: none;\">الموافقة على نطاق الخدمة.</li><li style=\"margin: 0px; padding: 0px; outline: none;\">موافقة المريض على منح المعلومات المطلوبة سواء شفهياً من خلال الهاتف أو رسالة الكترونية و/أو عبر أي سائل الالكترونية.</li><li style=\"margin: 0px; padding: 0px; outline: none;\">الموافقة على تسجيل الاتصال الصوتي أو الاتصال المرئي لغايات السلامة.</li><li style=\"margin: 0px; padding: 0px; outline: none;\">الموافقة على أن يتم حفظ التاريخ للمشترى لدى السجلات الطلبات في الموقع&nbsp;.</li></ul></li></ul><ul style=\"margin: 0px 0px 1rem; padding-right: 30px; padding-left: 2rem; outline: none;\"><li style=\"margin: 0px; padding: 0px; outline: none;\">كافة المعلومات المقدمة من المشترى تخضع بشكل تام لسياسة موقع&nbsp;العبدلي المتعلقة بالسرية.</li><li style=\"margin: 0px; padding: 0px; outline: none;\"><br></li></ul><div></div><h5 id=\"3\" style=\"font-family: Cairo, sans-serif; margin-right: 0px; margin-bottom: 30px; margin-left: 0px; font-weight: bold; line-height: 1.2; font-size: 1.25rem; padding: 0px; outline: none;\">(3) من نحن :</h5><div>يعتبر الموقع واحداً من المنظومات الصحية الداعمة لتقديم خدمات عالية الجودة وبمساندة أحدث التقنيات الحديثة تبلغ الطاقة الاستيعابية للموقع&nbsp;&nbsp;100طلب وتشتمل الخدمات على الأقسام المتنوعة.<br style=\"margin: 0px; padding: 0px; outline: none;\"><span style=\"color: inherit; font-size: 1.25rem; font-weight: bold;\">(4) الحسابك والتزامات التسجيل :</span></div><div>وكلمة مرور سرية لاستعمالها عند الدخول للموقع. وعند قبول طلب التسجيل ستعتبر عضوا بالموقع وبذلك تكون ، تكون قد وافقت على<br style=\"margin: 0px; padding: 0px; outline: none;\">:<br style=\"margin: 0px; padding: 0px; outline: none;\"><br style=\"margin: 0px; padding: 0px; outline: none;\">1.أن تكون مسؤولاً عن المحافظة على سرية معلومات حسابك وكلمة المرور السرية وتحديد الأشخاص المسموح لهم بالوصول واستخدام حسابك بالموقع. وتكون بذلك موافقاً على إعلام&nbsp;<span style=\"margin: 0px; padding: 0px; outline: none;\">البريمو&nbsp;</span>حالاً بأي استخدام غير مفوض به لكلمة دخولك أو حسابك أو أي اختراق آخر لمعلوماتك السرية.<br style=\"margin: 0px; padding: 0px; outline: none;\"><br style=\"margin: 0px; padding: 0px; outline: none;\">2.لن يكون&nbsp;<span style=\"margin: 0px; padding: 0px; outline: none;\">البريمو&nbsp;</span>بأي حال من الأحوال مسؤولاً عن أي خسارة قد تلحق بك بشكل مباشر أو غير مباشر معنويا أو ماديا نتيجة كشف معلومات إسم المستخدم أو كلمة الدخول<br style=\"margin: 0px; padding: 0px; outline: none;\"><br style=\"margin: 0px; padding: 0px; outline: none;\">3.أنت مسؤول على المحافظة على لإستخدام موقع&nbsp;<span style=\"margin: 0px; padding: 0px; outline: none;\">البريمو&nbsp;</span>بكل جدية و مصداقية وتعتبر ملزما بتعويض&nbsp;<span style=\"margin: 0px; padding: 0px; outline: none;\">البريمو&nbsp;</span>عن أي خسائر مباشرة أو غير مباشرة قد تلحق ب<span style=\"margin: 0px; padding: 0px; outline: none;\">&nbsp;البريمو&nbsp;</span>نتيجة أي استخدام غير شرعي أو حقيقي أو مفوض لحسابك من طرفك أو من<br style=\"margin: 0px; padding: 0px; outline: none;\"><br style=\"margin: 0px; padding: 0px; outline: none;\">طرف أي شخص آخر حصل على مفاتيح الوصول إلى حسابك بالموقع سواء كان لإنجاز خدمات وغيرها باستعمال اسم المستخدم وكلمة الدخول، سواء بتفويض منك أو بلا تفويض.<br style=\"margin: 0px; padding: 0px; outline: none;\"><br style=\"margin: 0px; padding: 0px; outline: none;\">4.أنت موافق على الإفصاح بمعلومات حقيقية وصحيحة و محدثة و كاملة عن نفسك حسبما هو مطلوب في استمارة التسجيل لدى&nbsp;<span style=\"margin: 0px; padding: 0px; outline: none;\">البريمو&nbsp;</span>\"<br style=\"margin: 0px; padding: 0px; outline: none;\"><br style=\"margin: 0px; padding: 0px; outline: none;\">5.أن لا تدرج ضمن بطاقة التسجيل أي من تفاصيل الاتصال بك كعناوين البريد الإلكتروني أو أرقام هواتفك أو أي تفاصيل شخصية، أو كلمة \"سوق\".<br style=\"margin: 0px; padding: 0px; outline: none;\"><br style=\"margin: 0px; padding: 0px; outline: none;\">6.أن لا يتضمن اسم محلك التجاري كلمة \"سوق\" أو شعاره.<br style=\"margin: 0px; padding: 0px; outline: none;\"><br style=\"margin: 0px; padding: 0px; outline: none;\">7.يلتزم&nbsp;<span style=\"margin: 0px; padding: 0px; outline: none;\">البريمو&nbsp;</span>بالتعامل مع معلوماتك الشخصية وعناوين الإتصال بك بسريّة تامة مع الأعضاء الآخرين ويتم تزويد الأعضاء بمعلومات الإتصال بك فقط فور إتمام العمليات التجارية.<br style=\"margin: 0px; padding: 0px; outline: none;\"><br style=\"margin: 0px; padding: 0px; outline: none;\">8.سوف تكون ملزماً بالحفاظ على بيانات التسجيل وتحديثها تباعاً للابقاء عليها حقيقية وصحيحة وراهنة وكاملة، وإذا ما أفصحت عن معلومات غير حقيقية أو غير صحيحة أوغير راهنة أوغير كاملة او مخالفة لما جاء في اتفاقية المستخدم، فإن ل<span style=\"margin: 0px; padding: 0px; outline: none;\">&nbsp;البريمو&nbsp;</span>الحق<br style=\"margin: 0px; padding: 0px; outline: none;\"><br style=\"margin: 0px; padding: 0px; outline: none;\">كاملاً في وقف أو تحديد أو إلغاء عضويتك و حسابك في الموقع، وذلك دون الحاق الأضرار بحقوق&nbsp;<span style=\"margin: 0px; padding: 0px; outline: none;\">البريمو&nbsp;</span>الأخرى ووسائله المشروعة في استرداد حقوقه.<br style=\"margin: 0px; padding: 0px; outline: none;\"><br style=\"margin: 0px; padding: 0px; outline: none;\">9.ل<span style=\"margin: 0px; padding: 0px; outline: none;\">&nbsp;البريمو&nbsp;</span>مطلق الإرادة وفي أي وقت أن يجري أي تحقيقات يراها ضرورية (مباشرة أو عبر طرف ثالث) ويطالبك بالإفصاح عن معلومات إضافية أو وثائق مهما كان حجمها لاثبات هويتك و/أو ملكيتك لأدواتك المالية.<br style=\"margin: 0px; padding: 0px; outline: none;\"><br style=\"margin: 0px; padding: 0px; outline: none;\">10.في حالة أن المقدم لطلب التسجيل يمثل مؤسسة تجارية فلابد من تزويد كافة المعلومات والوثائق المطلوبة التي تتضمن رخصتك التجارية، ووثائق أخرى للمؤسسة و/أو وثائق تظهر مسؤولية أي شخص يتصرف نيابة عنك.<br style=\"margin: 0px; padding: 0px; outline: none;\"><br style=\"margin: 0px; padding: 0px; outline: none;\">11.أنت موافق على تزويد أي معلومات و/أو وثائق ل<span style=\"margin: 0px; padding: 0px; outline: none;\">&nbsp;البريمو&nbsp;</span>في حال طلب منك ذلك.<br style=\"margin: 0px; padding: 0px; outline: none;\"><br style=\"margin: 0px; padding: 0px; outline: none;\">12.في حالة عدم الإلتزام بأي مما ورد إعلاه فإن لإدارة&nbsp;<span style=\"margin: 0px; padding: 0px; outline: none;\">البريمو&nbsp;</span>الحق في إيقاف أو إلغاء عضويتك و حجبك عن الموقع. ونحتفظ كذلك بالحق في إلغاء أي حسابات غير مؤكدة وغير مثبتة أو عمليات أو حسابات مر عليها مدة طويلة دون نشاط.</div></div></div></div>', 10, 10000, 'uploads/setting/81781666099591.jpeg', 'uploads/setting/46391666099591.jpeg', NULL, '2022-10-18 15:37:38');

-- --------------------------------------------------------

--
-- Table structure for table `sliders`
--

CREATE TABLE `sliders` (
  `id` bigint(20) UNSIGNED NOT NULL,
  `type` enum('product','offer','brand') COLLATE utf8mb4_unicode_ci DEFAULT NULL,
  `image` varchar(191) COLLATE utf8mb4_unicode_ci DEFAULT NULL,
  `product_id` bigint(20) UNSIGNED DEFAULT NULL,
  `category_id` bigint(20) UNSIGNED DEFAULT NULL COMMENT 'in case type => brand',
  `created_at` timestamp NULL DEFAULT NULL,
  `updated_at` timestamp NULL DEFAULT NULL
) ENGINE=InnoDB DEFAULT CHARSET=utf8mb4 COLLATE=utf8mb4_unicode_ci;

--
-- Dumping data for table `sliders`
--

INSERT INTO `sliders` (`id`, `type`, `image`, `product_id`, `category_id`, `created_at`, `updated_at`) VALUES
(1, 'product', 'uploads/sliders/95051663419933.jpg', 3, NULL, '2022-08-15 17:12:55', '2022-09-17 13:05:33'),
(2, 'offer', 'uploads/sliders/88151663419946.jpg', 22, 6, '2022-08-15 17:27:18', '2022-10-18 17:23:29'),
(3, 'brand', 'uploads/sliders/62601663419962.jpg', 9, 6, '2022-08-15 17:27:40', '2022-10-18 17:25:02'),
(5, 'brand', 'uploads/sliders/97561666110081.jpg', 1, 3, '2022-10-18 16:21:21', '2022-10-19 20:05:51');

-- --------------------------------------------------------

--
-- Table structure for table `targets`
--

CREATE TABLE `targets` (
  `id` bigint(20) UNSIGNED NOT NULL,
  `gifts_for` int(11) DEFAULT NULL,
  `gifts_price` double DEFAULT NULL,
  `created_at` timestamp NULL DEFAULT NULL,
  `updated_at` timestamp NULL DEFAULT NULL
) ENGINE=InnoDB DEFAULT CHARSET=utf8mb4;

--
-- Dumping data for table `targets`
--

INSERT INTO `targets` (`id`, `gifts_for`, `gifts_price`, `created_at`, `updated_at`) VALUES
(9, 10000, 200, '2022-10-18 15:38:26', '2022-10-18 15:38:26'),
(10, 3000, 50, '2022-10-18 15:54:17', '2022-10-18 15:54:17');

-- --------------------------------------------------------

--
-- Table structure for table `units`
--

CREATE TABLE `units` (
  `id` bigint(20) UNSIGNED NOT NULL,
  `name` varchar(191) COLLATE utf8mb4_unicode_ci DEFAULT NULL,
  `created_at` timestamp NULL DEFAULT NULL,
  `updated_at` timestamp NULL DEFAULT NULL
) ENGINE=InnoDB DEFAULT CHARSET=utf8mb4 COLLATE=utf8mb4_unicode_ci;

--
-- Dumping data for table `units`
--

INSERT INTO `units` (`id`, `name`, `created_at`, `updated_at`) VALUES
(2, 'كيلو', '2022-08-15 18:54:33', '2022-08-15 18:54:33'),
(3, 'جرام', '2022-08-15 18:54:44', '2022-08-15 18:54:44'),
(5, 'وحدة', '2022-09-17 12:36:13', '2022-09-17 12:36:13'),
(6, 'كرتونه', '2022-09-17 12:36:19', '2022-10-16 23:07:00'),
(7, 'عبوة', '2022-09-17 12:36:25', '2022-09-17 12:36:25'),
(8, 'زجاجة', '2022-09-17 12:36:31', '2022-09-17 12:36:38'),
(9, 'باكت', '2022-09-17 12:38:53', '2022-09-17 12:38:53'),
(10, 'كيس', '2022-10-16 23:05:52', '2022-10-16 23:05:52');

-- --------------------------------------------------------

--
-- Table structure for table `users`
--

CREATE TABLE `users` (
  `id` bigint(20) UNSIGNED NOT NULL,
  `name` varchar(191) COLLATE utf8mb4_unicode_ci DEFAULT NULL,
  `phone` varchar(191) COLLATE utf8mb4_unicode_ci DEFAULT NULL,
  `phone_code` varchar(191) COLLATE utf8mb4_unicode_ci NOT NULL DEFAULT '+20',
  `city_id` bigint(20) UNSIGNED DEFAULT NULL,
  `governorate_id` bigint(20) UNSIGNED DEFAULT NULL,
  `address` varchar(191) COLLATE utf8mb4_unicode_ci DEFAULT NULL,
  `latitude` double NOT NULL DEFAULT 0,
  `longitude` double NOT NULL DEFAULT 0,
  `image` varchar(191) COLLATE utf8mb4_unicode_ci DEFAULT NULL,
  `points` double NOT NULL DEFAULT 0,
  `wallet` int(11) NOT NULL DEFAULT 0,
  `is_active` enum('yes','no') COLLATE utf8mb4_unicode_ci NOT NULL DEFAULT 'no',
  `block` enum('yes','no') COLLATE utf8mb4_unicode_ci NOT NULL DEFAULT 'no',
  `created_at` timestamp NULL DEFAULT NULL,
  `updated_at` timestamp NULL DEFAULT NULL,
  `email` varchar(191) COLLATE utf8mb4_unicode_ci DEFAULT NULL
) ENGINE=InnoDB DEFAULT CHARSET=utf8mb4 COLLATE=utf8mb4_unicode_ci;

--
-- Dumping data for table `users`
--

INSERT INTO `users` (`id`, `name`, `phone`, `phone_code`, `city_id`, `governorate_id`, `address`, `latitude`, `longitude`, `image`, `points`, `wallet`, `is_active`, `block`, `created_at`, `updated_at`, `email`) VALUES
(14, 'ahmed samir', '1234567893174', '+20', 5, 1, NULL, 0, 0, NULL, 11000, 0, 'no', 'no', '2022-08-29 17:53:34', '2022-08-29 17:53:34', 'a@aa.comaa3174'),
(15, 'ahmed samir', '123456', '+20', 5, 1, NULL, 0, 0, NULL, 11000, 0, 'yes', 'no', '2022-08-29 17:55:32', '2022-09-01 20:57:12', 'a@aa.comaa31742'),
(16, 'ahmed samir', '12345678931744', '+20', 5, 1, NULL, 0, 0, NULL, 11000, 0, 'no', 'no', '2022-08-29 17:56:01', '2022-08-31 10:57:30', 'a@aa.comaa31743'),
(17, 'ahmed samir', '1234567893177', '+20', 5, 1, NULL, 0, 0, NULL, 11000, 0, 'yes', 'yes', '2022-08-29 17:56:42', '2022-08-31 10:57:51', 'a@aa.comaa393'),
(18, 'ahmed samir', '1234567893178', '+20', 5, 1, NULL, 0, 0, NULL, 11000, 0, 'yes', 'no', '2022-08-29 17:58:55', '2022-08-31 10:55:37', 'a@aa.comaa391'),
(19, 'ahmed samir', '111111', '+20', 5, 1, NULL, 0, 0, NULL, 110001, 0, 'yes', 'no', '2022-09-03 02:15:59', '2022-09-03 19:30:27', 'a@aa.comaa3918'),
(20, 'ahmed samir', '12345678931781', '+20', 5, 1, NULL, 0, 0, NULL, 110001, 0, 'no', 'no', '2022-09-03 18:37:32', '2022-09-03 18:37:32', 'a@aa.comaa3911'),
(21, 'ahmed samir', '12345678931782', '+20', 5, 1, NULL, 0, 0, NULL, 110001, 0, 'no', 'no', '2022-09-03 18:38:54', '2022-09-03 18:38:54', 'a@aa.comaa3912'),
(23, 'ahmed samir', '123456789797', '+20', 5, 1, NULL, 0, 0, NULL, 110001, 1000, 'no', 'no', '2022-09-03 19:40:52', '2022-09-03 19:40:52', 'a@aa.comaa3772'),
(24, 'emad', '1017357658', '+20', 2, 1, NULL, 0, 0, NULL, 11795.5, 1000, 'yes', 'no', '2022-09-03 20:44:23', '2022-10-17 21:24:37', 'e@gmail.com'),
(25, 'e', '1017357651', '+20', 2, 1, NULL, 0, 0, NULL, 110001, 0, 'no', 'no', '2022-09-03 20:53:22', '2022-09-03 20:53:22', 'e2@gmail.com'),
(26, 'Ahmed Ibrahim', '1097555011', '+20', 2, 1, NULL, 0, 0, NULL, 12925, 0, 'yes', 'no', '2022-09-19 15:27:36', '2022-10-18 16:42:43', 'ahmedyou27@gmail.com'),
(27, 'محمود محمد', '1022925632', '+20', 2, 1, NULL, 0, 0, NULL, 1000, 0, 'yes', 'no', '2022-09-28 21:20:36', '2022-09-28 21:22:41', 'm.m.m.e282@gmail.com'),
(28, 'ahmed\nahmed', '1212005508', '+20', 1, 4, NULL, 0, 0, NULL, 2050, 0, 'yes', 'no', '2022-10-02 22:13:07', '2022-10-16 22:36:42', 'ahmed_taha200090@yahoo.com'),
(29, 'blue', '1096861418', '+20', 2, 1, NULL, 0, 0, NULL, 10200, 500, 'yes', 'no', '2022-10-04 09:11:59', '2022-10-04 09:25:42', 'info@blue-egypt.com'),
(30, 'محمد جمال', '1095081882', '+20', 2, 1, NULL, 0, 0, NULL, 3700, 50, 'yes', 'no', '2022-10-11 21:04:06', '2022-10-20 22:04:37', 'mohamedgammal55@gmail.com'),
(32, 'mohammed', '1026638997', '+20', 2, 1, NULL, 0, 0, NULL, 0, 50, 'no', 'no', '2022-10-20 21:53:33', '2022-10-20 21:53:33', NULL),
(33, 'Ahmed Samir', '1004834728', '+20', 2, 1, NULL, 0, 0, NULL, 4650, 0, 'yes', 'no', '2022-10-21 12:30:45', '2022-10-21 12:39:14', 'ahmedelfaramawy84@gmail.com');

-- --------------------------------------------------------

--
-- Table structure for table `wallets`
--

CREATE TABLE `wallets` (
  `id` bigint(20) UNSIGNED NOT NULL,
  `user_id` bigint(20) UNSIGNED DEFAULT NULL,
  `order_id` bigint(20) UNSIGNED DEFAULT NULL,
  `price` int(11) NOT NULL DEFAULT 0,
  `type` enum('register','purchases','target') COLLATE utf8mb4_unicode_ci DEFAULT NULL,
  `created_at` timestamp NULL DEFAULT NULL,
  `updated_at` timestamp NULL DEFAULT NULL
) ENGINE=InnoDB DEFAULT CHARSET=utf8mb4 COLLATE=utf8mb4_unicode_ci;

--
-- Dumping data for table `wallets`
--

INSERT INTO `wallets` (`id`, `user_id`, `order_id`, `price`, `type`, `created_at`, `updated_at`) VALUES
(9, 15, NULL, 11000, 'register', '2022-08-29 17:55:32', '2022-08-29 17:55:32'),
(10, 16, NULL, 11000, 'register', '2022-08-29 17:56:01', '2022-08-29 17:56:01'),
(11, 17, NULL, 11000, 'register', '2022-08-29 17:56:42', '2022-08-29 17:56:42'),
(12, 18, NULL, 11000, 'register', '2022-08-29 17:58:55', '2022-08-29 17:58:55'),
(13, 19, NULL, 110001, 'register', '2022-09-03 02:16:00', '2022-09-03 02:16:00'),
(14, 20, NULL, 110001, 'register', '2022-09-03 18:37:32', '2022-09-03 18:37:32'),
(15, 21, NULL, 110001, 'register', '2022-09-03 18:38:54', '2022-09-03 18:38:54'),
(17, 23, NULL, 110001, 'register', '2022-09-03 19:40:52', '2022-09-03 19:40:52'),
(18, 24, NULL, 110001, 'register', '2022-09-02 20:44:23', '2022-09-03 20:44:23'),
(19, 25, NULL, 110001, 'register', '2022-09-02 20:53:22', '2022-09-03 20:53:22'),
(20, 24, NULL, -2000, 'purchases', '2022-09-03 20:44:23', '2022-09-03 20:44:23'),
(21, 24, NULL, 1000, 'target', '2022-09-03 20:44:23', '2022-09-03 20:44:23'),
(22, 26, NULL, 1000, 'register', '2022-09-19 15:27:36', '2022-09-19 15:27:36'),
(26, 24, 3, -796, 'purchases', '2022-09-26 21:21:29', '2022-09-26 21:21:29'),
(27, 26, 16, 100, 'target', '2022-09-27 01:08:48', '2022-09-27 01:08:48'),
(28, 26, 16, 550, 'target', '2022-09-27 01:08:48', '2022-09-27 01:08:48'),
(29, 26, 16, 1500, 'target', '2022-09-27 01:08:48', '2022-09-27 01:08:48'),
(30, 27, NULL, 1000, 'register', '2022-09-28 21:20:37', '2022-09-28 21:20:37'),
(31, 28, NULL, 1000, 'register', '2022-10-02 22:13:07', '2022-10-02 22:13:07'),
(32, 26, 21, 500, 'target', '2022-10-03 23:27:34', '2022-10-03 23:27:34'),
(33, 29, NULL, 1000, 'register', '2022-10-04 09:11:59', '2022-10-04 09:11:59'),
(34, 29, 22, 500, 'target', '2022-10-04 09:15:05', '2022-10-04 09:15:05'),
(35, 29, 23, 500, 'target', '2022-10-04 09:21:59', '2022-10-04 09:21:59'),
(36, 29, 24, 500, 'target', '2022-10-04 09:25:42', '2022-10-04 09:25:42'),
(37, 30, NULL, 1000, 'register', '2022-10-11 21:04:06', '2022-10-11 21:04:06'),
(43, 30, 32, 100, 'target', '2022-10-16 22:18:41', '2022-10-16 22:18:41'),
(44, 26, 34, -170, 'purchases', '2022-10-16 22:39:04', '2022-10-16 22:39:04'),
(45, 26, 39, 50, 'target', '2022-10-18 15:56:45', '2022-10-18 15:56:45'),
(46, 26, 42, 200, 'target', '2022-10-18 16:15:54', '2022-10-18 16:15:54'),
(48, 32, NULL, 50, 'register', '2022-10-20 21:53:33', '2022-10-20 21:53:33'),
(49, 30, 45, 50, 'target', '2022-10-20 22:04:37', '2022-10-20 22:04:37'),
(50, 33, NULL, 50, 'register', '2022-10-21 12:30:45', '2022-10-21 12:30:45'),
(51, 33, 46, 50, 'target', '2022-10-21 12:35:54', '2022-10-21 12:35:54');

--
-- Indexes for dumped tables
--

--
-- Indexes for table `admins`
--
ALTER TABLE `admins`
  ADD PRIMARY KEY (`id`),
  ADD UNIQUE KEY `admins_email_unique` (`email`);

--
-- Indexes for table `admin_permissions`
--
ALTER TABLE `admin_permissions`
  ADD PRIMARY KEY (`id`);

--
-- Indexes for table `brands`
--
ALTER TABLE `brands`
  ADD PRIMARY KEY (`id`),
  ADD KEY `brands_category_id_foreign` (`category_id`);

--
-- Indexes for table `cart`
--
ALTER TABLE `cart`
  ADD PRIMARY KEY (`id`);

--
-- Indexes for table `categories`
--
ALTER TABLE `categories`
  ADD PRIMARY KEY (`id`);

--
-- Indexes for table `category_brands`
--
ALTER TABLE `category_brands`
  ADD PRIMARY KEY (`id`),
  ADD KEY `cat_brand_cat_id` (`category_id`),
  ADD KEY `cat_brand_brand_id` (`brand_id`);

--
-- Indexes for table `category_images`
--
ALTER TABLE `category_images`
  ADD PRIMARY KEY (`id`),
  ADD KEY `category_images_category_id_foreign` (`category_id`);

--
-- Indexes for table `city`
--
ALTER TABLE `city`
  ADD PRIMARY KEY (`id`),
  ADD KEY `city_gov_id` (`governorate_id`);

--
-- Indexes for table `contacts`
--
ALTER TABLE `contacts`
  ADD PRIMARY KEY (`id`);

--
-- Indexes for table `coupons`
--
ALTER TABLE `coupons`
  ADD PRIMARY KEY (`id`);

--
-- Indexes for table `coupon_users`
--
ALTER TABLE `coupon_users`
  ADD PRIMARY KEY (`id`);

--
-- Indexes for table `governorate`
--
ALTER TABLE `governorate`
  ADD PRIMARY KEY (`id`);

--
-- Indexes for table `migrations`
--
ALTER TABLE `migrations`
  ADD PRIMARY KEY (`id`);

--
-- Indexes for table `notifications`
--
ALTER TABLE `notifications`
  ADD PRIMARY KEY (`id`),
  ADD KEY `notifications_user_id_foreign` (`user_id`);

--
-- Indexes for table `offers`
--
ALTER TABLE `offers`
  ADD PRIMARY KEY (`id`);

--
-- Indexes for table `offer_products`
--
ALTER TABLE `offer_products`
  ADD PRIMARY KEY (`id`),
  ADD KEY `offer_products_offer_id_foreign` (`offer_id`),
  ADD KEY `offer_products_product_id_foreign` (`product_id`);

--
-- Indexes for table `orders`
--
ALTER TABLE `orders`
  ADD PRIMARY KEY (`id`),
  ADD KEY `order_user_foriegn` (`user_id`);

--
-- Indexes for table `order_details`
--
ALTER TABLE `order_details`
  ADD PRIMARY KEY (`id`),
  ADD KEY `order_details_unit_id_foreign` (`unit_id`),
  ADD KEY `order_details_order_id_foreign` (`order_id`);

--
-- Indexes for table `permissions`
--
ALTER TABLE `permissions`
  ADD PRIMARY KEY (`id`),
  ADD KEY `per_sec_id` (`section_id`);

--
-- Indexes for table `permission_sections`
--
ALTER TABLE `permission_sections`
  ADD PRIMARY KEY (`id`);

--
-- Indexes for table `phone_token`
--
ALTER TABLE `phone_token`
  ADD PRIMARY KEY (`id`),
  ADD KEY `client45494_id` (`user_id`);

--
-- Indexes for table `products`
--
ALTER TABLE `products`
  ADD PRIMARY KEY (`id`),
  ADD KEY `products_category_id_foreign` (`category_id`),
  ADD KEY `products_brand_id_foreign` (`brand_id`),
  ADD KEY `products_sm_unit_id_foreign` (`sm_unit_id`),
  ADD KEY `products_lg_unit_id_foreign` (`lg_unit_id`);

--
-- Indexes for table `settings`
--
ALTER TABLE `settings`
  ADD PRIMARY KEY (`id`);

--
-- Indexes for table `sliders`
--
ALTER TABLE `sliders`
  ADD PRIMARY KEY (`id`);

--
-- Indexes for table `targets`
--
ALTER TABLE `targets`
  ADD PRIMARY KEY (`id`);

--
-- Indexes for table `units`
--
ALTER TABLE `units`
  ADD PRIMARY KEY (`id`);

--
-- Indexes for table `users`
--
ALTER TABLE `users`
  ADD PRIMARY KEY (`id`),
  ADD KEY `user_governorate_id` (`governorate_id`),
  ADD KEY `user_city_id` (`city_id`);

--
-- Indexes for table `wallets`
--
ALTER TABLE `wallets`
  ADD PRIMARY KEY (`id`),
  ADD KEY `wallets_user_id_foreign` (`user_id`),
  ADD KEY `wallets_order_id_foreign` (`order_id`);

--
-- AUTO_INCREMENT for dumped tables
--

--
-- AUTO_INCREMENT for table `admins`
--
ALTER TABLE `admins`
  MODIFY `id` bigint(20) UNSIGNED NOT NULL AUTO_INCREMENT, AUTO_INCREMENT=18;

--
-- AUTO_INCREMENT for table `admin_permissions`
--
ALTER TABLE `admin_permissions`
  MODIFY `id` bigint(20) UNSIGNED NOT NULL AUTO_INCREMENT, AUTO_INCREMENT=173;

--
-- AUTO_INCREMENT for table `brands`
--
ALTER TABLE `brands`
  MODIFY `id` bigint(20) UNSIGNED NOT NULL AUTO_INCREMENT, AUTO_INCREMENT=59;

--
-- AUTO_INCREMENT for table `cart`
--
ALTER TABLE `cart`
  MODIFY `id` bigint(20) UNSIGNED NOT NULL AUTO_INCREMENT, AUTO_INCREMENT=387;

--
-- AUTO_INCREMENT for table `categories`
--
ALTER TABLE `categories`
  MODIFY `id` bigint(20) UNSIGNED NOT NULL AUTO_INCREMENT, AUTO_INCREMENT=12;

--
-- AUTO_INCREMENT for table `category_brands`
--
ALTER TABLE `category_brands`
  MODIFY `id` bigint(20) UNSIGNED NOT NULL AUTO_INCREMENT, AUTO_INCREMENT=146;

--
-- AUTO_INCREMENT for table `category_images`
--
ALTER TABLE `category_images`
  MODIFY `id` bigint(20) UNSIGNED NOT NULL AUTO_INCREMENT, AUTO_INCREMENT=6;

--
-- AUTO_INCREMENT for table `city`
--
ALTER TABLE `city`
  MODIFY `id` bigint(20) UNSIGNED NOT NULL AUTO_INCREMENT, AUTO_INCREMENT=6;

--
-- AUTO_INCREMENT for table `contacts`
--
ALTER TABLE `contacts`
  MODIFY `id` bigint(20) UNSIGNED NOT NULL AUTO_INCREMENT, AUTO_INCREMENT=12;

--
-- AUTO_INCREMENT for table `coupons`
--
ALTER TABLE `coupons`
  MODIFY `id` bigint(20) UNSIGNED NOT NULL AUTO_INCREMENT, AUTO_INCREMENT=9;

--
-- AUTO_INCREMENT for table `coupon_users`
--
ALTER TABLE `coupon_users`
  MODIFY `id` bigint(20) UNSIGNED NOT NULL AUTO_INCREMENT, AUTO_INCREMENT=71;

--
-- AUTO_INCREMENT for table `governorate`
--
ALTER TABLE `governorate`
  MODIFY `id` bigint(20) UNSIGNED NOT NULL AUTO_INCREMENT, AUTO_INCREMENT=5;

--
-- AUTO_INCREMENT for table `migrations`
--
ALTER TABLE `migrations`
  MODIFY `id` int(10) UNSIGNED NOT NULL AUTO_INCREMENT, AUTO_INCREMENT=46;

--
-- AUTO_INCREMENT for table `notifications`
--
ALTER TABLE `notifications`
  MODIFY `id` bigint(20) UNSIGNED NOT NULL AUTO_INCREMENT, AUTO_INCREMENT=139;

--
-- AUTO_INCREMENT for table `offers`
--
ALTER TABLE `offers`
  MODIFY `id` bigint(20) UNSIGNED NOT NULL AUTO_INCREMENT, AUTO_INCREMENT=23;

--
-- AUTO_INCREMENT for table `offer_products`
--
ALTER TABLE `offer_products`
  MODIFY `id` bigint(20) UNSIGNED NOT NULL AUTO_INCREMENT, AUTO_INCREMENT=52;

--
-- AUTO_INCREMENT for table `orders`
--
ALTER TABLE `orders`
  MODIFY `id` bigint(20) UNSIGNED NOT NULL AUTO_INCREMENT, AUTO_INCREMENT=48;

--
-- AUTO_INCREMENT for table `order_details`
--
ALTER TABLE `order_details`
  MODIFY `id` bigint(20) UNSIGNED NOT NULL AUTO_INCREMENT, AUTO_INCREMENT=63;

--
-- AUTO_INCREMENT for table `permissions`
--
ALTER TABLE `permissions`
  MODIFY `id` bigint(20) UNSIGNED NOT NULL AUTO_INCREMENT, AUTO_INCREMENT=52;

--
-- AUTO_INCREMENT for table `permission_sections`
--
ALTER TABLE `permission_sections`
  MODIFY `id` bigint(20) UNSIGNED NOT NULL AUTO_INCREMENT, AUTO_INCREMENT=16;

--
-- AUTO_INCREMENT for table `phone_token`
--
ALTER TABLE `phone_token`
  MODIFY `id` bigint(20) UNSIGNED NOT NULL AUTO_INCREMENT, AUTO_INCREMENT=77;

--
-- AUTO_INCREMENT for table `products`
--
ALTER TABLE `products`
  MODIFY `id` bigint(20) UNSIGNED NOT NULL AUTO_INCREMENT, AUTO_INCREMENT=72;

--
-- AUTO_INCREMENT for table `settings`
--
ALTER TABLE `settings`
  MODIFY `id` bigint(20) UNSIGNED NOT NULL AUTO_INCREMENT, AUTO_INCREMENT=2;

--
-- AUTO_INCREMENT for table `sliders`
--
ALTER TABLE `sliders`
  MODIFY `id` bigint(20) UNSIGNED NOT NULL AUTO_INCREMENT, AUTO_INCREMENT=11;

--
-- AUTO_INCREMENT for table `targets`
--
ALTER TABLE `targets`
  MODIFY `id` bigint(20) UNSIGNED NOT NULL AUTO_INCREMENT, AUTO_INCREMENT=11;

--
-- AUTO_INCREMENT for table `units`
--
ALTER TABLE `units`
  MODIFY `id` bigint(20) UNSIGNED NOT NULL AUTO_INCREMENT, AUTO_INCREMENT=11;

--
-- AUTO_INCREMENT for table `users`
--
ALTER TABLE `users`
  MODIFY `id` bigint(20) UNSIGNED NOT NULL AUTO_INCREMENT, AUTO_INCREMENT=34;

--
-- AUTO_INCREMENT for table `wallets`
--
ALTER TABLE `wallets`
  MODIFY `id` bigint(20) UNSIGNED NOT NULL AUTO_INCREMENT, AUTO_INCREMENT=52;

--
-- Constraints for dumped tables
--

--
-- Constraints for table `brands`
--
ALTER TABLE `brands`
  ADD CONSTRAINT `brands_category_id_foreign` FOREIGN KEY (`category_id`) REFERENCES `categories` (`id`) ON DELETE CASCADE;

--
-- Constraints for table `category_brands`
--
ALTER TABLE `category_brands`
  ADD CONSTRAINT `cat_brand_brand_id` FOREIGN KEY (`brand_id`) REFERENCES `brands` (`id`) ON DELETE CASCADE,
  ADD CONSTRAINT `cat_brand_cat_id` FOREIGN KEY (`category_id`) REFERENCES `categories` (`id`) ON DELETE CASCADE;

--
-- Constraints for table `category_images`
--
ALTER TABLE `category_images`
  ADD CONSTRAINT `category_images_category_id_foreign` FOREIGN KEY (`category_id`) REFERENCES `categories` (`id`) ON DELETE CASCADE;

--
-- Constraints for table `city`
--
ALTER TABLE `city`
  ADD CONSTRAINT `city_gov_id` FOREIGN KEY (`governorate_id`) REFERENCES `governorate` (`id`) ON DELETE CASCADE;

--
-- Constraints for table `notifications`
--
ALTER TABLE `notifications`
  ADD CONSTRAINT `notifications_user_id_foreign` FOREIGN KEY (`user_id`) REFERENCES `users` (`id`) ON DELETE CASCADE;

--
-- Constraints for table `offer_products`
--
ALTER TABLE `offer_products`
  ADD CONSTRAINT `offer_products_offer_id_foreign` FOREIGN KEY (`offer_id`) REFERENCES `offers` (`id`) ON DELETE CASCADE,
  ADD CONSTRAINT `offer_products_product_id_foreign` FOREIGN KEY (`product_id`) REFERENCES `products` (`id`) ON DELETE CASCADE;

--
-- Constraints for table `orders`
--
ALTER TABLE `orders`
  ADD CONSTRAINT `order_user_foriegn` FOREIGN KEY (`user_id`) REFERENCES `users` (`id`) ON DELETE CASCADE;

--
-- Constraints for table `order_details`
--
ALTER TABLE `order_details`
  ADD CONSTRAINT `order_details_order_id_foreign` FOREIGN KEY (`order_id`) REFERENCES `orders` (`id`) ON DELETE CASCADE,
  ADD CONSTRAINT `order_details_unit_id_foreign` FOREIGN KEY (`unit_id`) REFERENCES `units` (`id`) ON DELETE CASCADE;

--
-- Constraints for table `permissions`
--
ALTER TABLE `permissions`
  ADD CONSTRAINT `per_sec_id` FOREIGN KEY (`section_id`) REFERENCES `permission_sections` (`id`) ON DELETE CASCADE;

--
-- Constraints for table `products`
--
ALTER TABLE `products`
  ADD CONSTRAINT `products_brand_id_foreign` FOREIGN KEY (`brand_id`) REFERENCES `brands` (`id`) ON DELETE CASCADE,
  ADD CONSTRAINT `products_category_id_foreign` FOREIGN KEY (`category_id`) REFERENCES `categories` (`id`) ON DELETE CASCADE,
  ADD CONSTRAINT `products_lg_unit_id_foreign` FOREIGN KEY (`lg_unit_id`) REFERENCES `units` (`id`) ON DELETE CASCADE,
  ADD CONSTRAINT `products_sm_unit_id_foreign` FOREIGN KEY (`sm_unit_id`) REFERENCES `units` (`id`) ON DELETE CASCADE;

--
-- Constraints for table `users`
--
ALTER TABLE `users`
  ADD CONSTRAINT `user_city_id` FOREIGN KEY (`city_id`) REFERENCES `city` (`id`) ON DELETE CASCADE,
  ADD CONSTRAINT `user_governorate_id` FOREIGN KEY (`governorate_id`) REFERENCES `governorate` (`id`) ON DELETE CASCADE;

--
-- Constraints for table `wallets`
--
ALTER TABLE `wallets`
  ADD CONSTRAINT `wallets_order_id_foreign` FOREIGN KEY (`order_id`) REFERENCES `orders` (`id`) ON DELETE CASCADE,
  ADD CONSTRAINT `wallets_user_id_foreign` FOREIGN KEY (`user_id`) REFERENCES `users` (`id`) ON DELETE CASCADE;
COMMIT;

/*!40101 SET CHARACTER_SET_CLIENT=@OLD_CHARACTER_SET_CLIENT */;
/*!40101 SET CHARACTER_SET_RESULTS=@OLD_CHARACTER_SET_RESULTS */;
/*!40101 SET COLLATION_CONNECTION=@OLD_COLLATION_CONNECTION */;
